mean_bias,mae_daily_mean,mean_max_capture_ratio,mean_topdecile_recall,hotspot_day_detection_share,mean_sd_ratio
0.6858631887177612,1.8439213509379282,0.7974583392409645,0.1181818181818182,0.6486486486486487,0.8611481612810348
-0.6483711422644778,0.9350487253888867,0.7376387510731195,0.04422604422604423,0.35135135135135137,0.8776573189329827
-3.182579027629926,3.182579027629926,0.6387473109105268,0.002457002457002457,0.02702702702702703,0.6212688967193895
-0.50413048457988,1.0496897053391299,0.8272814275431312,0.11842751842751843,0.8648648648648649,1.086740262234803
-1.3412561060323753,1.5656994230329568,0.7705733029560764,0.07886977886977886,0.5945945945945946,0.9654911802771962
-2.3801971268146613,2.505275683096747,0.7777543368942584,0.0737100737100737,0.6756756756756757,0.9457554051685925
-2.585803325933637,2.591911656142653,0.7398625852113461,0.03685503685503685,0.35135135135135137,0.8882615600132961
0.683833632959838,1.231444531712522,0.8556868928201791,0.12825552825552822,0.8648648648648649,1.0834047011248562
2.813216945143185,2.813216945143185,0.8546997939359563,0.17248157248157248,0.972972972972973,1.0662372012434005
0.4969182727649834,1.0320061415581359,0.8053551159328184,0.09361179361179359,0.6486486486486487,0.9890396314470931
1.095191430383911,1.9288814443354791,0.9407178519243468,0.14275184275184274,0.9459459459459459,1.1365651263972019
5.31371654699223,5.459908956759437,0.8542236687520175,0.22186732186732186,0.918918918918919,1.0790501875400047
2.975175120101297,3.1117330405397694,0.8614549250644115,0.13783783783783782,0.918918918918919,1.049947818497634
-0.4627753928421347,0.9592152799782507,0.7689652961042993,0.0714987714987715,0.6486486486486487,0.9062941920322974
-1.944913204745054,2.0982220358392905,0.7581295298229126,0.049140049140049144,0.43243243243243246,0.9546322433423265
1.5232256015282608,1.6970745426194587,0.844598247029358,0.10098280098280096,0.7567567567567568,0.9973655747959237
-3.1646874917341408,3.1906961800527625,0.7088243286016602,0.034643734643734644,0.35135135135135137,0.8239801208139539
4.619178793326366,4.619178793326366,0.8352518369892082,0.17714987714987712,1.0,0.9789628342020675
-0.39574600693351797,1.1415389246114092,0.8563778357590164,0.12555282555282554,0.8918918918918919,1.0809162010405666
-0.0010135636310303192,0.6337994977309034,0.8545001951026984,0.13046683046683047,0.8918918918918919,1.1301534363831103
-0.1291185235564766,0.814894596774153,0.8451736934796134,0.09631449631449632,0.8108108108108109,1.0315428559240873
2.2763023833239155,2.453788720172057,0.8133851448994361,0.11818181818181817,0.8918918918918919,0.9196953823293343
-0.2874035734811513,0.8020604834575421,0.805019778642268,0.10098280098280096,0.8378378378378378,0.9831148389972082
1.5408116196648034,1.9749117004354355,0.7794596905109427,0.09115479115479114,0.7567567567567568,0.8770870009716103
-4.0659648514663065,4.0792408213137055,0.6417645529416394,0.00737100737100737,0.05405405405405406,0.6383313669133959
1.0543294868127286,1.4459170508734027,0.8868670097767822,0.21695331695331696,0.972972972972973,1.237959166719606
-3.4760777197977872,3.5569935302310545,0.723020537554756,0.024570024570024572,0.2702702702702703,0.7260235714694712
0.4318746117756375,0.7613468097168709,0.8445304400660492,0.1181818181818182,0.9459459459459459,1.0760176103838552
3.0438707001392675,3.0524828056633915,0.7939112267970615,0.12285012285012284,0.8108108108108109,0.9742413431236862
-2.22700223861361,2.6077032430632627,0.7827176602976105,0.0687960687960688,0.5945945945945946,0.9156589765410288
-1.5337707606437607,1.621488463031222,0.9062565164636682,0.08132678132678132,0.8378378378378378,1.052866886816827
1.6176736126215339,1.7579078952386507,0.8173809927240822,0.12309582309582308,0.8378378378378378,0.9763298519448864
-2.9144178184373035,2.9245697037205027,0.7889155152027254,0.07575757575757575,0.6944444444444444,0.9871264305615388
-3.2694182729723025,3.492911037754716,0.7641052236012135,0.05651105651105651,0.4864864864864865,0.8079172733380772
1.5596362716857322,1.5823738409858015,0.8905366511216766,0.17493857493857493,0.972972972972973,1.1482895523788035
2.60912210032545,2.609623157505079,0.934097493107021,0.17469287469287467,0.972972972972973,1.213658935631847
-0.0358503750555269,0.8858043108683352,0.7995332329554603,0.11597051597051596,0.8108108108108109,0.9921938607369508
-3.144070168221207,3.2613396767281175,0.817127127529543,0.06818181818181818,0.6944444444444444,0.9455145891648785
0.14433941080491552,0.9499109849211756,0.8019945390952797,0.08353808353808352,0.6756756756756757,0.931996359154287
1.8561805925273538,1.8954487824774526,0.8775630049410804,0.16756756756756758,0.972972972972973,1.1552090987912709
2.8390849880415203,2.86126977988833,0.8172316281919983,0.14766584766584764,0.8918918918918919,1.0188525911640034
0.275796451696424,0.9273424951662758,0.8213158104451853,0.10343980343980341,0.7027027027027027,0.9910230009501304
2.2463763716179166,2.459586131046943,0.826467726093274,0.1356265356265356,0.8918918918918919,1.0095128250935754
-3.0851029636006992,3.120723528042692,0.7267326201642206,0.0343980343980344,0.3783783783783784,0.7928552464605015
0.09191159762813227,1.0929678615481073,0.8023217557474492,0.09852579852579851,0.6756756756756757,0.9899885073458384
-1.112944837441585,1.1686258884280092,0.8047531083269648,0.09361179361179359,0.7567567567567568,0.9501384107508809
-0.659167250078587,1.0306084112295786,0.8192139757740098,0.1108108108108108,0.8648648648648649,1.0243468492020518
-1.1207317437148057,1.2999688928833015,0.7578442849963721,0.04914004914004913,0.5135135135135135,0.8539978563059225
2.807316569460141,3.131629243850255,0.8335130751275988,0.16289926289926288,0.8648648648648649,1.0433031173208147
-4.3357099276338,4.406629861189752,0.6965118964544499,0.022113022113022116,0.24324324324324326,0.7314083642911842
0.4703519668861551,1.1180333595057212,0.8986384109478169,0.17493857493857493,0.972972972972973,1.2831690452286435
-0.842382130664946,1.1161714010279646,0.8050910149549457,0.08378378378378377,0.7837837837837838,0.9167572908685617
-1.2490410169548831,1.3733941868786723,0.7825202933940528,0.06388206388206387,0.6216216216216216,0.9257416186119258
-2.6756404659770383,2.7775275726957167,0.7758726857183138,0.07616707616707614,0.7567567567567568,0.9152943725333426
2.156836064586899,2.3364030025824074,0.8444625819196853,0.13316953316953314,0.8918918918918919,1.0183622202876574
-0.43714514717631564,1.3045293036437193,0.7791417913064033,0.0687960687960688,0.5135135135135135,0.9263634554898645
1.9227398116138812,2.1949266806666863,0.8326359046109962,0.15036855036855035,0.8918918918918919,1.0373665576161013
1.6886901899680324,1.8491964660403528,0.9419109956932086,0.1577395577395577,0.972972972972973,1.2312062822667116
3.799570789067677,3.982846047221082,0.9255040732025148,0.1673218673218673,0.8918918918918919,1.2082499571786625
1.3709794067322636,1.488070966341899,0.8284493208002868,0.13783783783783782,0.8378378378378378,1.031960400167322
0.9022186193036267,1.2470552616016521,0.7998712369036814,0.10614250614250613,0.7837837837837838,0.928968586810426
2.052885748702718,2.254124662393544,0.8286373829106792,0.15036855036855037,0.8918918918918919,1.1143817158496474
3.9946385525318595,4.170944315204897,0.8155473430188398,0.12555282555282554,0.8108108108108109,0.9389599292529129
-0.1919615008068653,1.0291855589995251,0.7996142519540894,0.09336609336609336,0.7837837837837838,0.9909857905886431
-4.02774277253185,4.120900243032864,0.7201799114534815,0.02948402948402948,0.32432432432432434,0.753635994742918
0.8994116447845737,1.2579369867695172,0.8591565266167169,0.13783783783783782,0.8918918918918919,1.1387607319922026
-0.9080732242502307,1.2796985100169813,0.7436210656845071,0.0592137592137592,0.5135135135135135,0.8431349465224526
-5.165700859949183,5.190127935447689,0.6152625796964455,0.02702702702702703,0.24324324324324326,0.612999349057878
-0.64667865770843,0.8846564057624395,0.81651997210057,0.10859950859950858,0.8108108108108109,1.00056997331454
0.9409082491199001,1.1877705793960054,0.8492279458952808,0.10859950859950858,0.8648648648648649,1.0150724088180652
1.9473089502817,1.9645957892895867,0.8552531392591316,0.1479115479115479,0.918918918918919,1.0231950943518682
1.0624336589588328,1.1368348282074692,0.7841562855845283,0.09852579852579851,0.7567567567567568,0.9540425492379422
-2.193274466134504,2.193274466134504,0.7589251273035262,0.04914004914004913,0.4594594594594595,0.8542827588194527
0.12768624316183222,0.9988091106098717,0.7970021022858185,0.10589680589680589,0.7837837837837838,1.0146382381380228
-2.7518987999901254,2.8369425518230615,0.7005267527148783,0.024570024570024572,0.2702702702702703,0.73655156696353
-0.9210510393777601,1.1203391182398568,0.8184604192825299,0.10859950859950858,0.7567567567567568,1.0195930187138216
-0.35654234771943205,1.2683621608214701,0.8520490644808125,0.13046683046683047,0.9459459459459459,1.0920022168662515
-0.8897317059863723,1.1709476255279354,0.750791742129034,0.06142506142506142,0.5675675675675675,0.8217134703821423
0.683451204634209,1.4367608904020746,0.9244555534304831,0.12555282555282554,0.8648648648648649,1.1745635433882795
-2.152934865148447,2.191775115919535,0.7519330435640814,0.04938574938574938,0.5135135135135135,0.7872624282750619
-0.694015080808511,1.5711867589871917,0.8817865782673449,0.12063882063882062,0.9459459459459459,1.1115285672002095
-1.2084543020886949,1.365361009215115,0.7509058413508829,0.044226044226044224,0.4594594594594595,0.8050040437984795
-0.9584150126339462,1.232122833295332,0.8088775415468505,0.07641277641277641,0.7297297297297297,0.9587568593672413
2.756345326972097,2.756345326972097,0.8609759208090966,0.128009828009828,0.972972972972973,0.9977588313972202
3.5776860427970023,3.774661661493669,0.8677467041178609,0.1727272727272727,0.9459459459459459,1.0267560147001413
0.6960302588196311,1.3582316887786425,0.8022442314830658,0.10319410319410317,0.7297297297297297,1.0097053760198371
4.453586168706739,4.546219986530623,0.8602688996118998,0.17985257985257985,0.918918918918919,1.0509306356071313
-0.531312879379343,0.8819412698839989,0.8094299311582384,0.09115479115479114,0.8378378378378378,0.9933650555232119
2.9199578193281677,2.981236713591708,0.8239722118725373,0.15012285012285012,0.8918918918918919,0.9821828054910013
-3.104070713509744,3.1727229363213776,0.7227759757723963,0.03439803439803439,0.3783783783783784,0.81373809115376
3.2112326118008228,3.2422027516995344,0.8684388527569751,0.18009828009828008,0.9459459459459459,1.12551692091465
-1.1068338065008279,1.3026997015319999,0.7656751845717099,0.06683046683046683,0.5405405405405406,0.90078795510566
-1.4412347429169337,1.5353358572973692,0.7557835657770616,0.05159705159705159,0.5405405405405406,0.8321758506022411
-3.183101687852389,3.183101687852389,0.7357653564044759,0.044226044226044224,0.40540540540540543,0.8933899510521355
-1.612357221825678,1.8544121908195783,0.7964210926541794,0.0714987714987715,0.5405405405405406,0.9262142630076801
3.42868286259817,3.673958175870733,0.8284920175923691,0.12088452088452085,0.8378378378378378,0.8992912258473783
0.7394248358909802,1.2379295158069186,0.7972612411417218,0.08378378378378377,0.7027027027027027,0.9243962216856328
-1.148981244129252,1.3488195596197092,0.8625799332408588,0.11105651105651107,0.918918918918919,1.0550925834860034
-1.7738867435226109,1.9343182590610561,0.7604328582136936,0.06388206388206387,0.6216216216216216,0.8888515350282721
3.341953922453315,3.341953922453315,0.841030207759195,0.19950859950859948,0.9459459459459459,1.0956586614717754
-1.0814387332803437,1.2826798018909,0.7794515721166957,0.08845208845208845,0.6756756756756757,0.9408755979024118
-3.3558980055862895,3.37554866868298,0.7449294524955061,0.04668304668304668,0.4594594594594595,0.8461973936700016
0.10451752042839739,0.871190663644723,0.8154299608736517,0.10859950859950858,0.7567567567567568,0.9766973783186315
-0.16508643842393095,1.3208071223570466,0.8082542489817444,0.1081081081081081,0.7567567567567568,1.0169176656311731
2.781979437133958,2.847076433305752,0.8745514979695467,0.14054054054054052,0.9459459459459459,1.0474722603731057
-0.7052942648227205,1.7575992206765212,0.880845058696942,0.10589680589680589,0.9459459459459459,1.0400475519002212
0.4281744145047677,0.8779355265222437,0.832558424586711,0.08869778869778869,0.8108108108108109,1.0071188862397824
-1.33183592338676,1.541364234108048,0.8480047156762754,0.15798525798525798,0.9459459459459459,1.1672233617547398
-0.3764404454916667,1.4458822959085993,0.7804445218695902,0.08845208845208845,0.6756756756756757,0.9427841709415945
3.0259292757993888,3.1029190717177557,0.8057409013499176,0.11842751842751843,0.7837837837837838,0.9273628461632013
4.17630276014445,4.18278740805767,0.9345943127771327,0.16977886977886975,0.9459459459459459,1.1566048681577445
3.618189860335736,3.6778471103565717,0.9381854312252784,0.23660933660933664,0.972972972972973,1.359563055369078
-2.4105861766588292,2.597636786184437,0.7160752417335288,0.031941031941031935,0.2972972972972973,0.7708213141220345
2.551845803535414,2.7180088009835326,0.8674560540885139,0.11351351351351349,0.8648648648648649,1.0069332322047226
-1.6594297375937792,1.67825911063152,0.82631336313158,0.08132678132678132,0.7837837837837838,0.9185014833349467
-1.7426031283215058,1.843163390985183,0.756250386518148,0.05896805896805896,0.5135135135135135,0.8632716721628558
-1.959820610467062,2.025380364098244,0.7708890271133481,0.08353808353808354,0.7027027027027027,0.9019565023138362
-0.4796310155183368,0.963252385253954,0.7489616760097701,0.05405405405405405,0.5135135135135135,0.9101616414297085
-1.9160756951549522,2.016199829334943,0.7915017702829871,0.09606879606879605,0.7567567567567568,0.9412502829541188
2.13539360658237,2.24256972518706,0.9413707461877702,0.1651105651105651,1.0,1.2027139313407502
-0.7001971287374854,1.0355631570252803,0.8128064464507954,0.08648648648648648,0.8648648648648649,0.9406804220426566
-2.9246566515815298,2.9686806071233423,0.732441943505409,0.035353535353535345,0.3888888888888889,0.8188979678796628
1.7140597273935134,1.8513746753673794,0.8562077164072694,0.13783783783783782,0.9459459459459459,1.066595365598179
2.653886178250202,2.835961525361596,0.8296533503144844,0.16265356265356262,0.918918918918919,1.0823262546773826
0.3033047707493278,1.066089617739175,0.8635374542535483,0.1108108108108108,0.8918918918918919,1.0892640978002297
4.207875696768772,4.443978156264947,0.856877893117189,0.15773955773955772,0.918918918918919,0.9678102456662661
5.811581806384486,5.8522743050055555,0.8371875161543623,0.17493857493857493,0.9459459459459459,0.9002410730721562
-1.5611466395670586,1.6514904770830117,0.807329958398554,0.0936117936117936,0.8378378378378378,0.9545425827763329
-3.8921928055303137,3.8921928055303137,0.7332012710590281,0.04176904176904176,0.4594594594594595,0.8362945309132789
-0.46092222396325605,1.0309947231779963,0.9018007368099471,0.16019656019656017,1.0,1.22711734668834
1.1372406963833541,1.4119120085521397,0.8247949538917385,0.09877149877149877,0.8378378378378378,0.9691731790718006
-0.9896727153802676,1.1135588709733446,0.7916137597265277,0.07886977886977886,0.7297297297297297,0.8899397871269186
1.1268841709751076,1.4113437875649726,0.8671393233170945,0.17985257985257985,0.9459459459459459,1.1747957197576988
0.6737632759242663,1.1147360267860704,0.7709991633666258,0.0737100737100737,0.7027027027027027,0.8381486759859185
-1.6729883345023744,1.8893395910529,0.7328926450434073,0.03931203931203931,0.32432432432432434,0.8302909024782601
2.250610370511772,2.2987406250705975,0.936197288676801,0.1479115479115479,1.0,1.1740233849470334
-0.8490181724902078,1.3285662794239175,0.8425965859242991,0.11818181818181817,0.918918918918919,1.0554396049988768
2.1128347381217707,2.4232664616630113,0.7927185484844413,0.08869778869778869,0.7837837837837838,0.9067617607769567
-2.95760996495595,3.0521362284074156,0.7370477069955746,0.044226044226044224,0.40540540540540543,0.8066566718669532
0.6919362893309443,1.0322857850502702,0.7648433234594431,0.06388206388206387,0.5405405405405406,0.8970637415289654
-3.6628067066641266,3.6760763088170236,0.7114716810917401,0.031941031941031935,0.35135135135135137,0.684377370590934
-0.0014634121539247292,1.1016152084552646,0.7767004504691506,0.08624078624078622,0.6756756756756757,0.9340118290154712
1.3797109556326865,1.584508645224785,0.7764657910882117,0.0886977886977887,0.6486486486486487,0.9116964244235358
-2.084230167300797,2.159091878401012,0.7165165977624763,0.02948402948402948,0.2972972972972973,0.7624239182656102
0.42330877432324315,1.0466180537328025,0.8544243816879914,0.10835380835380834,0.8918918918918919,1.0909775301844165
0.5213240660616903,0.889317971197466,0.7673202982048888,0.0714987714987715,0.5945945945945946,0.8836908333664826
2.7879413428872946,2.8399652704380705,0.867724101377463,0.18968058968058968,0.9459459459459459,1.1012868018772468
-2.790406426871778,2.790406426871778,0.81452533974716,0.09343434343434343,0.6666666666666666,1.0498741556651188
-2.768766312901292,2.8550715620279687,0.8059303410244848,0.09606879606879605,0.8108108108108109,0.9768080773562471
2.681789848074904,2.8819247624308657,0.9207179769008257,0.12088452088452088,0.8918918918918919,1.1020045869078547
-1.4026924196896629,1.4612048712784298,0.7920151147617767,0.061670761670761666,0.6486486486486487,0.917304302407753
-0.618651604633105,1.2389910567424094,0.7323878845802854,0.051597051597051594,0.4864864864864865,0.7978521746288276
0.15784121686126704,0.6525888813666604,0.8265430794571774,0.12334152334152333,0.918918918918919,1.030632890111272
0.42858625728919497,0.9587644299045284,0.8384287555248591,0.09606879606879605,0.8108108108108109,0.947348630010097
-0.7259585616532755,0.9770463582600284,0.7563628352259554,0.04914004914004914,0.4864864864864865,0.9297919284838199
2.6736663268909706,2.679030406183621,0.9450188881997632,0.1651105651105651,0.972972972972973,1.223293129662487
1.585983779059558,1.7917638957541109,0.8766954652870778,0.16535626535626533,0.918918918918919,1.1943299352993324
1.1888733029936498,1.2988210340795256,0.8131602924697378,0.13046683046683044,0.8918918918918919,1.1248872150314941
2.8985513027011467,3.0218871002126555,0.7768338498391537,0.10098280098280096,0.7567567567567568,0.9347517395514379
3.780102072957598,3.8545600831366564,0.8780618479485325,0.20687960687960685,0.972972972972973,1.1091304489452138
1.7748278634290406,1.875361097756274,0.791506273350652,0.09852579852579853,0.7027027027027027,0.9328317754836792
-2.574004462909886,2.574004462909886,0.7820681164012727,0.06904176904176902,0.7027027027027027,0.8747399309560343
-2.094106521839072,2.1184073825232277,0.8046278913360648,0.09115479115479114,0.8378378378378378,0.9524323161266055
-2.5892958589069033,2.6533752060429725,0.7774450940776899,0.06412776412776412,0.5945945945945946,0.9036110405340733
-0.6858724990981055,1.0032318686991453,0.8448093784616911,0.0985257985257985,0.8378378378378378,0.9860715897401685
-5.475502428655304,5.475502428655304,0.5655161009050642,0.004914004914004914,0.05405405405405406,0.48313382195499643
4.518856693809717,4.518856693809717,0.9362948028583362,0.18697788697788695,0.9459459459459459,1.2018676239009756
-1.43285055663423,1.4382425707647486,0.7240682215102897,0.02948402948402948,0.32432432432432434,0.8514559665467661
-2.779161458726812,2.858204520560065,0.6563554770958445,0.004914004914004914,0.05405405405405406,0.6371472169053215
1.007622322809369,1.433266905994885,0.9557708839295437,0.19729729729729728,1.0,1.2908509055378103
-2.9967248252943883,3.152582183448625,0.8336823150255483,0.07886977886977886,0.8108108108108109,0.924620279511367
-5.128237421936574,5.19482197959256,0.7436461751566582,0.049385749385749377,0.5405405405405406,0.7507203666816201
2.7019577433024744,2.81703344567686,0.8252193719643092,0.12309582309582308,0.8648648648648649,1.0263516385055256
-2.572107430577707,2.7411499821239844,0.7067199256937112,0.031941031941031935,0.2702702702702703,0.7583023343236408
3.161282027358895,3.173568711074151,0.8355005314974827,0.17739557739557738,0.9459459459459459,1.0669818024102393
-1.0377452732043977,1.1302160890585877,0.8252365600601477,0.06658476658476657,0.7027027027027027,0.9683169169278887
-2.363658039034927,2.4384958188274313,0.781089285579569,0.0592137592137592,0.6216216216216216,0.8299152599476539
-0.2699460735512824,1.2232741440701296,0.6888260637735841,0.03931203931203931,0.35135135135135137,0.7196550601238446
1.729985487697732,1.7832344115441794,0.927324244726584,0.15036855036855037,0.918918918918919,1.1241600645658214
0.3217576077999441,0.953500371422108,0.8350347547662671,0.0985257985257985,0.8108108108108109,0.9726111537261122
2.8648622819423113,2.885211726366208,0.8403932289185085,0.1479115479115479,0.918918918918919,0.9537381553626997
2.1121069885800767,2.2348962840867634,0.8795531907444051,0.14766584766584764,0.9459459459459459,1.0069614006844523
-4.9345754568749856,5.148897789332235,0.6347977418129307,0.05405405405405406,0.35135135135135137,0.7026741500443089
-1.0090094276782673,1.111949257448697,0.7762918756190719,0.06388206388206387,0.5945945945945946,0.9151762038429375
-0.5442257570256812,0.8266354479937492,0.8718697229183661,0.10589680589680589,0.918918918918919,1.107162798072742
-4.7833360121085375,4.9935855188268095,0.710345857019246,0.050505050505050504,0.4166666666666667,0.8591015763596543
-0.465788557582409,1.2406707629047076,0.7552577964843668,0.05896805896805896,0.5135135135135135,0.9203949700826551
2.1991658171384967,2.3052548891905453,0.8778616673138504,0.1452088452088452,0.8648648648648649,1.1355504133876648
-0.8309188103369353,1.241639655051854,0.8031066762467064,0.07886977886977886,0.7567567567567568,0.9138488987499792
2.3722166402116573,2.4112096151064315,0.9083804834402281,0.18476658476658475,1.0,1.2217817721128041
-3.146634290569441,3.371932893241798,0.7447296515340487,0.05651105651105651,0.5135135135135135,0.9234174113923688
-1.0318916229194193,1.206980013797412,0.7432301246207406,0.05159705159705159,0.4864864864864865,0.782995923987206
4.788281281058984,4.97981576840406,0.8539554217721096,0.15528255528255525,0.8918918918918919,1.0295672917578678
-2.953512868656496,2.953512868656496,0.7823491723740897,0.06167076167076166,0.6216216216216216,0.896847993666862
-0.38489433069821627,0.9519081306567161,0.7974470672726738,0.10073710073710072,0.7837837837837838,0.9668636997930212
-0.6508393446114131,1.2027057154039387,0.859508911589264,0.11597051597051596,0.8108108108108109,1.0808567378164247
2.983651435786043,3.2564858847158336,0.8183675379117792,0.14299754299754297,0.8918918918918919,1.0277750426247179
-1.2456688540250145,1.43927484990486,0.7760596822224377,0.08845208845208845,0.6486486486486487,0.8818929759545571
-2.2386023486113134,2.3733535436839373,0.8216545577745364,0.1108108108108108,0.8918918918918919,1.0277133303119705
1.0176247564751537,1.424330355393178,0.8507362121802585,0.11351351351351352,0.7837837837837838,1.05085528481901
-0.2429012864268209,1.0630309927930766,0.7794287484540863,0.09582309582309581,0.7027027027027027,1.004467769298666
4.358509828853561,4.358509828853561,0.953832881683053,0.23169533169533169,1.0,1.168233417507872
-3.125921313880876,3.1874521152216095,0.7914233229083216,0.06412776412776411,0.7027027027027027,0.8248264889502275
-1.154502542930407,2.136847690537655,0.6976737421629341,0.05896805896805896,0.3783783783783784,0.783225952743691
-1.8913388396646391,1.9707363085621086,0.7592589755109791,0.06388206388206387,0.5945945945945946,0.9282710124628034
0.07153800134861711,0.8552896586018024,0.9314581023393668,0.12088452088452088,0.918918918918919,1.1202549843435001
4.128700352585178,4.174202720777614,0.840533705241999,0.1577395577395577,0.918918918918919,0.9905204729727307
-3.7870453822397594,3.7870453822397594,0.7755854495906046,0.05429975429975429,0.5945945945945946,0.8048237712485051
-0.9472016259916495,1.1367320274870811,0.8328423661737112,0.11351351351351352,0.7567567567567568,1.0349441263893702
-1.804536546359444,1.804536546359444,0.7385067143617398,0.05405405405405406,0.4594594594594595,0.8780807661542803
-1.937220180720717,2.0095420917673024,0.7898815964680556,0.08624078624078622,0.7027027027027027,0.927318434059524
-0.9610911837867835,1.219159792800388,0.7256344053417259,0.04914004914004913,0.4864864864864865,0.8178508195407808
-1.010554806849271,1.382417840418159,0.780336804083094,0.06658476658476657,0.5945945945945946,0.8790590138860931
2.2649822143855958,2.3538342374233623,0.7876332406747086,0.09828009828009826,0.7027027027027027,0.9789117108512589
2.171913368744685,2.1816120098718974,0.8344499977231304,0.11326781326781325,0.9459459459459459,0.9579023939310455
-1.2670047375163656,1.4483300626621547,0.7552272805297882,0.044226044226044224,0.4594594594594595,0.8185899456755092
2.458695855527354,2.5935987199872095,0.8671638637106757,0.12063882063882062,0.918918918918919,1.0412081041311725
4.368355608057528,4.376977263107755,0.9496939356860847,0.1823095823095823,1.0,1.1027575830146696
-3.8861077323114532,3.971472858213278,0.7144873786201337,0.032828282828282825,0.3055555555555556,0.756746422119293
-4.442041995721025,4.480148277106259,0.6384310499388949,0.01474201474201474,0.13513513513513514,0.6142344472385762
1.91238611845093,1.9674077370858203,0.8263146146197377,0.113022113022113,0.8378378378378378,1.0329852496572358
0.3802443893602903,0.9954874152284876,0.7854104372962737,0.09336609336609336,0.7027027027027027,0.8782539776023054
-0.07445591719547193,0.9371040888967981,0.8381187265716048,0.14054054054054052,0.8918918918918919,1.0687197616463882
2.8671706635277485,3.328000731389867,0.852316974527281,0.15528255528255525,0.8378378378378378,1.1062753271441612
-2.606727420143635,2.636737878433045,0.6889626970108844,0.014742014742014744,0.13513513513513514,0.7775003417971013
-3.65806795130327,3.65806795130327,0.7835666346474881,0.06412776412776411,0.6486486486486487,0.9282134769744012
0.955926093228308,1.4411057142992862,0.7869446504771507,0.07616707616707616,0.6216216216216216,0.9967838566248665
-0.18099401081018937,1.1748150019389028,0.7739038793452049,0.06904176904176904,0.6486486486486487,0.9538007704081769
-1.9376384454216433,2.347189096543123,0.7557541883297492,0.07371007371007372,0.5675675675675675,0.8473872455809969
2.1060474090268784,2.2055378012133593,0.9326485527110169,0.1452088452088452,0.9459459459459459,1.1549702356488327
-0.5420512234424759,1.685643072116861,0.7767517190976256,0.09606879606879608,0.5945945945945946,0.9747334938877789
-0.3333381223760594,0.8319785434826552,0.795572688372912,0.11302211302211301,0.8108108108108109,1.0499756896342367
0.3023834242045452,1.2301541477405036,0.7817333552818598,0.08845208845208843,0.6756756756756757,0.981462512153103
2.5451121122123412,2.5919341362378616,0.8215702053401455,0.11326781326781325,0.8918918918918919,1.0321582422239668
2.738376790100831,2.738376790100831,0.9403720584731138,0.1823095823095823,0.972972972972973,1.1837788053873333
3.032694007025071,3.0328875851532837,0.8163613975361783,0.14250614250614246,0.8648648648648649,0.9747608345462597
-0.09496379084829938,1.546765735886708,0.8280880400826185,0.11818181818181817,0.7567567567567568,1.1437330730564
-1.9606544997880921,2.0958119280276106,0.8472442616783258,0.14299754299754297,0.8648648648648649,1.146558637612284
-0.6638227725355781,1.6355089684725421,0.8315302737103887,0.13783783783783782,0.918918918918919,1.052473350871066
-2.6983978931142643,2.7071554354432354,0.671542569817207,0.00737100737100737,0.08108108108108109,0.7794733226184074
1.27129427831209,1.4870518368954126,0.8368878775002212,0.14299754299754297,0.9459459459459459,1.0690675811955324
-4.168470446848228,4.207236179185388,0.7306443542231098,0.04422604422604422,0.43243243243243246,0.740424106478256
-0.3118920744744787,0.6571440172696335,0.801192810208005,0.08378378378378377,0.7027027027027027,0.9392980276306336
-4.614426468195167,4.635829968624373,0.6792271332249933,0.022113022113022116,0.1891891891891892,0.7197998533230336
2.5334810485357364,2.597033158234072,0.8846034284248895,0.17248157248157245,0.972972972972973,1.0827083780862057
1.910984636307338,1.9856347463359385,0.8775990061531631,0.1329238329238329,0.972972972972973,1.0005006190846735
0.4446881901092391,1.398836237616465,0.8113215510486207,0.10835380835380834,0.7567567567567568,1.0041530965950636
-1.0937459661621123,1.545721208723605,0.8348339605683416,0.1313131313131313,0.8055555555555556,1.1591618606750609
0.013349572881790896,1.4193503962316496,0.7878642210957265,0.10319410319410317,0.6216216216216216,1.051269772709544
-1.437996119271161,1.6770074031740547,0.8619490719957663,0.14393939393939392,0.8888888888888888,1.1909483256810791
1.1794867548650065,1.9071271138139216,0.7648434386674356,0.06142506142506142,0.5945945945945946,0.8932479028448996
0.29140839350935827,1.2768743044963755,0.8073165687870901,0.10589680589680586,0.7837837837837838,0.9902123836290934
0.9887040198426683,1.4957855717871271,0.8134077495532416,0.12530712530712532,0.8108108108108109,1.0655079481859573
1.867446525765308,2.157908807846409,0.8134422780631372,0.09115479115479114,0.8108108108108109,0.9213407739801959
0.057073568738151184,0.9928148361138714,0.8413235162519862,0.0985257985257985,0.7837837837837838,1.1049295365467413
-0.06090102461279224,0.682661802640566,0.8163144567040768,0.10098280098280096,0.8648648648648649,1.0499320695366996
-0.2344140280914711,1.0722658333657888,0.8068377677060916,0.08869778869778869,0.8108108108108109,0.898244123068709
-0.8708113095191923,1.3944998766592185,0.7053263419503236,0.04447174447174448,0.32432432432432434,0.8382879912822542
-0.6147868300745856,1.0658682172354017,0.7689688996607483,0.05405405405405404,0.5675675675675675,0.8079108832186731
-2.013750693358456,2.036715552056501,0.84939448258603,0.11868686868686867,0.9166666666666666,1.1312566793351426
-3.1045335948354573,3.139981214128066,0.8521728921536432,0.08869778869778869,0.8378378378378378,0.9805651064028567
-2.0100187290078626,2.0172646166612207,0.7892244685619983,0.06412776412776411,0.6756756756756757,0.8949741940429768
1.3778148238396504,1.5696798743520148,0.816367691454848,0.12334152334152333,0.7567567567567568,0.9699403568671067
-2.6989880290284374,2.7678907971586697,0.8210168955409288,0.06412776412776411,0.7027027027027027,0.8581125973104635
-0.35831825394280176,0.7933931184825123,0.7597268541910707,0.06412776412776412,0.5675675675675675,0.8799743118397704
-1.1632640843101032,1.50519275222016,0.8643085876373547,0.11818181818181817,0.9459459459459459,1.0956804852304767
-2.9892827365625267,3.1871416264388723,0.8017770803624029,0.07641277641277641,0.7567567567567568,0.9049722311069341
1.8201042862382053,1.8764190014154543,0.8065626199776952,0.08869778869778869,0.7567567567567568,0.9348533512763328
-0.7549159501615136,1.3514837939786144,0.7794124064546032,0.08845208845208845,0.6486486486486487,0.9948629317069855
1.3280114732030401,1.4024400669075856,0.8347718371972653,0.1479115479115479,0.918918918918919,0.9941591729037524
-0.9877636622000102,1.1348544058875625,0.8197265596146742,0.12334152334152333,0.8648648648648649,1.0885406622327505
0.8676452711315374,1.3768139898470928,0.8373534058137323,0.09606879606879605,0.8378378378378378,0.9760685752770609
0.0023214359858663397,0.9524920989995375,0.8332456279596081,0.13562653562653562,0.918918918918919,1.0816826051871535
-2.388121246596327,2.412083539130048,0.757686578614505,0.051597051597051594,0.5405405405405406,0.9406909530523725
0.006023184639578543,0.8637743259908033,0.8702513207530206,0.10343980343980343,0.918918918918919,0.9994578038440054
6.93302462833605,7.035436364968836,0.9474723209272288,0.2933660933660934,0.9459459459459459,1.282992160148635
-2.086462342415119,2.304643138129362,0.8131989692827765,0.10319410319410319,0.7837837837837838,0.9593598592797582
0.9106262051989725,1.2157632443950241,0.847649623146425,0.1479115479115479,0.918918918918919,1.20078230358405
-0.29102935411482644,0.671025625118527,0.7418325701350924,0.031941031941031935,0.35135135135135137,0.8201174794672705
0.6743566528965566,1.095942516174513,0.8156754418294743,0.09115479115479114,0.7567567567567568,1.0356216733102177
0.01213380546974949,0.7902493951041567,0.7653502189601123,0.06633906633906635,0.4594594594594595,0.8711561962897105
-3.1300887814703113,3.1435291765148254,0.7870196189854791,0.07149877149877149,0.6216216216216216,0.9459772284505995
-2.7202561325179073,2.744212846226546,0.7957920554459375,0.08869778869778869,0.7837837837837838,0.9953461373377702
-2.0106449200357717,2.5056808330972693,0.7921736685703668,0.09606879606879606,0.6486486486486487,0.9683180719749034
5.5196243751337555,5.678976988414939,0.8405174305557997,0.20909090909090908,0.972972972972973,1.0111092093679328
-1.3844798526965612,1.4150047016160978,0.7852378410100109,0.09115479115479114,0.7027027027027027,0.9948995321802604
0.6577320422378353,1.2601416449312297,0.8558811411782262,0.14054054054054052,0.8378378378378378,1.1676330159521584
2.875730984526492,3.2553800224834264,0.8753853442609267,0.18968058968058965,0.9459459459459459,1.205399955546112
-3.6260440939251506,3.7072700268104954,0.6162891325894247,0.004914004914004914,0.05405405405405406,0.5603267703999623
2.292959199243983,2.3559329024077535,0.8760922225375243,0.14545454545454542,0.918918918918919,1.124461948059033
-2.177213432230791,2.4529001764114646,0.7007285772821791,0.04176904176904177,0.2972972972972973,0.784609772901127
3.398936238045867,3.6259043149304504,0.8236308863204501,0.128009828009828,0.8378378378378378,0.9158270776443366
-2.4128000668539626,2.4128000668539626,0.7871540601733954,0.06412776412776411,0.7027027027027027,0.9043961853327243
-1.9780895444850082,2.1371551159934317,0.7705385763869661,0.0687960687960688,0.5675675675675675,0.9090126473488229
0.8157779840940822,1.1654920336401016,0.8001153905932619,0.0886977886977887,0.7837837837837838,0.984565393003623
-0.35113122557250886,1.0259641990861594,0.8465998461064733,0.11597051597051596,0.8648648648648649,0.9373399515229397
0.4973910313607903,0.9192362672989955,0.8558080429224217,0.1501228501228501,0.8918918918918919,1.1287598194065485
-2.5868605056334895,2.5868605056334895,0.8091003257969465,0.08624078624078622,0.8108108108108109,0.9548667771728288
0.5957849674415785,0.9325585046886754,0.8274114487511446,0.11597051597051596,0.8918918918918919,0.9204246346350615
1.4067554738658605,1.542249744427172,0.8672262377575602,0.14299754299754297,0.918918918918919,1.0652513452458923
-0.20987151055826894,0.8932740730302882,0.7680992700353136,0.05651105651105651,0.5945945945945946,0.8433038099347574
2.220778770275886,2.266819664891578,0.881532916562362,0.22432432432432434,1.0,1.2443339525310146
-0.15823733677369,1.0359239883880826,0.8437176857499967,0.12309582309582309,0.9459459459459459,1.1088293881412496
-2.535352099431889,2.659103610052726,0.7274392443410452,0.024570024570024575,0.24324324324324326,0.9150737303168962
0.31485892795094783,1.0344924424178237,0.8437056332303517,0.12063882063882062,0.8108108108108109,1.037613785082339
-0.6972871100730818,1.1021047015285212,0.7783181400261373,0.06142506142506142,0.6486486486486487,0.9310312654484376
7.6583063695587095,7.817249482430393,0.9541995457712994,0.298034398034398,0.972972972972973,1.2545579883760387
0.21391038042134633,1.0299272461224662,0.9346227326384735,0.15036855036855035,1.0,1.2706905647833553
0.6696752569546935,1.0915391038995963,0.8425697923353191,0.14029484029484027,0.8648648648648649,1.1200122203927994
-4.722191170456449,4.905043532337762,0.5788628524836784,0.012285012285012286,0.10810810810810811,0.5140836285658434
-1.5840897461002594,1.6995697152176952,0.7846756213610617,0.08845208845208845,0.7567567567567568,1.0111167182195449
-1.8336297542184874,1.936316726865849,0.753397074390448,0.04914004914004913,0.4594594594594595,0.8371092963618172
-1.912959958305833,1.9708723429162054,0.7583789624201874,0.0592137592137592,0.5675675675675675,0.844816131240413
-1.9801540525384813,2.0337318491704925,0.7461327064610053,0.05159705159705159,0.4864864864864865,0.8597491371056449
0.39238361961828827,1.1958843562789596,0.8278407608774347,0.09606879606879605,0.7567567567567568,1.0195058167546898
4.912782116136653,4.944235466518575,0.9437618286809086,0.2216216216216216,0.972972972972973,1.2593909498638112
0.20666441276992717,0.9193957025179103,0.780382385743694,0.08869778869778869,0.7027027027027027,0.999436821824621
-3.083634101921661,3.088493200352188,0.7243750339668921,0.02948402948402948,0.2702702702702703,0.7588452902803818
1.6732468903476558,2.0471309959132546,0.8830425800439182,0.13071253071253067,0.8918918918918919,1.0033034468250823
1.685213425412127,1.896028741455756,0.829880928226776,0.11547911547911548,0.8108108108108109,1.07891507734565
-1.8571678793242277,2.353040215815871,0.7555223487766408,0.08108108108108109,0.5135135135135135,0.8809109155462682
-1.9762737808455704,2.033224712666363,0.9432180582936557,0.13316953316953314,0.972972972972973,1.2170001448645904
-0.27861695232121075,1.2107354712878895,0.7665953019880173,0.05896805896805896,0.5675675675675675,0.919191344196974
0.939843427388873,1.1833561028599626,0.7741010290152037,0.06142506142506142,0.5945945945945946,0.8489524787631918
1.275092119129645,1.8551184575482842,0.9157462389300793,0.11572481572481572,0.8378378378378378,1.1351267713624678
-1.6806137935646916,1.6890113850337116,0.7608839922981585,0.06142506142506142,0.5675675675675675,0.9009438290372064
-2.555591807893892,2.5667258858493986,0.7362240602882727,0.05651105651105651,0.5675675675675675,0.7573261252661186
-0.12247803930688997,0.9734676044271516,0.8512555629872727,0.1257985257985258,0.7837837837837838,1.1119286762807394
2.4142098730848645,2.6505438870794373,0.8693133872825717,0.13538083538083537,0.9459459459459459,1.0073183717964447
0.956680854488635,1.5826975786600734,0.827175512090911,0.13808353808353807,0.8918918918918919,1.013053235112687
-0.13041001912010794,0.8192939341634651,0.8609072633411831,0.11818181818181817,0.8918918918918919,1.1183178373459202
-1.2606928976966971,1.3657530421372923,0.7769925317275636,0.0592137592137592,0.6486486486486487,0.8409364322873725
-3.045852159397347,3.235451037196794,0.8570101236551098,0.08333333333333331,0.7777777777777778,1.01283629599786
-0.5366683510890574,1.018429837333856,0.8084562310614503,0.10835380835380834,0.7567567567567568,0.993269867225978
4.4794968252948575,4.4794968252948575,0.9335387926361626,0.18697788697788695,0.9459459459459459,1.1113069321385702
1.70646315619961,2.0053651908935706,0.825600188110839,0.12063882063882062,0.8108108108108109,0.9383436085763748
-3.2711310931547644,3.3063433863211893,0.819880055263322,0.07070707070707069,0.75,0.9436281367639485
0.6813613951788231,1.5785470911127166,0.8145896613383063,0.1356265356265356,0.7297297297297297,1.0139469957922949
-1.685064732010219,1.6959036433649535,0.8062810528281883,0.10098280098280098,0.7837837837837838,1.0637444348393623
-5.218804268063367,5.218804268063367,0.6265574777218782,0.0,0.0,0.589430583126654
-0.3818354580514705,1.0655175160022363,0.907366488016846,0.09361179361179359,0.8648648648648649,1.1300837180113612
4.055889412032982,4.137809592881733,0.8797970182035079,0.1899262899262899,0.9459459459459459,1.121856549901302
0.9744411250955625,1.4602823679552062,0.8402529331706309,0.10589680589680586,0.8108108108108109,0.9539459483659343
-1.008426087078797,1.2512697231813925,0.7874765091694632,0.0687960687960688,0.5675675675675675,0.9780463139443993
-0.6219409957086597,1.0462743506541854,0.9192997314972208,0.10098280098280096,0.8918918918918919,1.1813819096143625
2.2112143493358403,2.2695964608039,0.8871233041481336,0.17223587223587222,1.0,1.1998429666681312
0.6224452760369671,1.0416880774550612,0.7501631659309348,0.06904176904176905,0.5405405405405406,0.8949824723606449
0.6409116039067161,1.0997452526217177,0.776381821919978,0.08845208845208845,0.7297297297297297,0.8633122062017318
-0.3371103722970881,0.8021355838331052,0.7765033549021492,0.08132678132678132,0.6486486486486487,0.9397495802548961
-2.906671697735863,3.207559012004422,0.7534468004695498,0.06313131313131312,0.5833333333333334,0.7845569319963449
-2.411292101562956,2.4149812261090604,0.757448617359157,0.0542997542997543,0.5675675675675675,0.895918371211014
3.2775039317402204,3.2775039317402204,0.8677074010779877,0.19213759213759213,0.9459459459459459,1.0859618364137122
-1.559027501430541,1.7579997796015818,0.8030199428781549,0.07862407862407861,0.6756756756756757,0.9377491903884261
0.06080897077434491,0.7102907386211599,0.747273672483838,0.05896805896805896,0.5675675675675675,0.8410180425847382
2.5693118618170896,2.5990780705118697,0.7968133930325575,0.14275184275184274,0.8108108108108109,1.059768785118203
-4.01304012434926,4.124746675572443,0.8204643078140957,0.07323232323232322,0.7777777777777778,0.9439129389394245
3.2518551750385973,3.514940854634459,0.8322071216958292,0.17739557739557738,0.8918918918918919,1.0750225046581128
-2.638435747098434,3.0221230998358335,0.7711576413514993,0.07886977886977886,0.6756756756756757,0.8030711216972657
7.134922530921338,7.334155682909762,0.9503902647643956,0.24373464373464376,0.972972972972973,1.1939201876480694
-2.3675429946981996,2.43635747991456,0.7710278100710595,0.0606060606060606,0.4722222222222222,0.9494396099403049
-1.8081914007982605,2.1211542090029902,0.7778362967759941,0.08378378378378377,0.7027027027027027,0.9653416883444064
-1.899462582256703,1.9438773674319756,0.7679170957037171,0.05896805896805896,0.5675675675675675,0.9278387882243725
2.243707658447456,2.3680110531241074,0.8388790250360039,0.17493857493857493,0.8918918918918919,1.0919851829590905
-4.655558914229003,4.6640359487774665,0.7270184427819555,0.02702702702702703,0.2972972972972973,0.7973897148344339
1.3429944403115166,1.3959433302653619,0.8269820469404108,0.14299754299754297,0.8648648648648649,1.0269291920198855
1.6262657589175389,1.6603694700082348,0.813650415784398,0.12555282555282554,0.8378378378378378,1.0450693174952201
-3.5287512780057684,3.575788701561049,0.7001551495218916,0.020202020202020204,0.2222222222222222,0.7376889826663968
0.698151362747577,1.2300479625774638,0.823536694184513,0.1307125307125307,0.7837837837837838,1.0465467688806374
-1.8202951273200374,1.881661155893116,0.776076364091453,0.05405405405405404,0.5675675675675675,0.8800023649747498
-0.2773075069401389,1.1223884168600229,0.8453310156081818,0.10343980343980341,0.8378378378378378,1.0308272056818648
1.3662045103329972,1.692162839083127,0.8236323805068014,0.14054054054054052,0.8918918918918919,1.0243329534402783
2.0238487549734345,2.251033718883316,0.9170170429642349,0.10343980343980344,0.8648648648648649,1.0383163422552588
-0.12094992956486379,0.8150835030415245,0.8379797440768928,0.08132678132678132,0.7297297297297297,0.9932475835653247
0.9921668155658194,1.4940354706081522,0.7829172847249736,0.08599508599508598,0.6756756756756757,0.9107811279364282
-0.950823780862135,1.0904785678440796,0.8562862006305035,0.1257985257985258,0.8918918918918919,1.058095844814955
-0.13361444513510595,0.9081757239265503,0.8298182976811057,0.1307125307125307,0.8108108108108109,1.063184853448525
-0.38557140204196455,1.2885470035887645,0.9217241883280131,0.10589680589680589,0.8918918918918919,1.0718926589205744
-1.3979553987811462,1.6000956274530185,0.9206978854433253,0.10614250614250613,0.918918918918919,1.1176955884382407
0.29766535606733596,0.9679439717920185,0.8412325013956,0.15307125307125305,0.918918918918919,1.1341250722262033
-0.14146977224301785,0.9240759268164027,0.734927942087885,0.04176904176904176,0.4594594594594595,0.8429141976254163
-3.5588932878745845,3.813849183101835,0.6980304029446823,0.0515970515970516,0.3783783783783784,0.7525202343516394
-0.11811133963478465,0.8242504353724291,0.7608019384930477,0.06904176904176904,0.5675675675675675,0.8972396321013907
0.7477494222432943,1.1693702882679624,0.9186436127700519,0.1108108108108108,0.918918918918919,1.1312608509364295
5.969795611075049,6.08991048011849,0.956077129010226,0.271007371007371,0.972972972972973,1.278982418222283
0.18400343470517377,0.8035239586749817,0.8284740175756939,0.11818181818181817,0.9459459459459459,1.0093075848654165
-0.2039353975316365,0.8676471852064317,0.7526955898780785,0.05651105651105651,0.4864864864864865,0.8044773659042643
-2.4608239406663572,2.5512831238537492,0.7177200821638872,0.02948402948402948,0.2972972972972973,0.7548903542152773
1.2859484673938508,1.572282013427992,0.8088934454684189,0.11572481572481572,0.7567567567567568,0.9872986789298366
-0.35550322023703396,0.8303459209644947,0.7783953128394897,0.07395577395577395,0.7567567567567568,0.9176937684017622
1.6628533788615711,1.7228049316591296,0.7853635196850464,0.09090909090909091,0.7297297297297297,0.9827562415539525
-3.5628610244521908,3.6497222679728454,0.7895201156446031,0.0592137592137592,0.6486486486486487,0.9088318504331746
-4.074254640573823,4.173933569827415,0.6543432034628622,0.009828009828009828,0.10810810810810811,0.6587592337476827
1.240840977006362,1.3829503901158091,0.8593126077903325,0.12555282555282554,0.918918918918919,1.0158672480335418
6.418963579646321,6.454160457880037,0.9598763450880491,0.28083538083538084,0.972972972972973,1.3755207030740237
-1.4925262854349848,1.662007463683969,0.7839585837043159,0.08599508599508598,0.7027027027027027,0.9675276584815247
0.9981940870367655,1.1245736132582782,0.8436045900282362,0.09631449631449632,0.8108108108108109,0.9577263627342345
0.9286646421763449,1.0909057123236643,0.8034841115649795,0.10122850122850122,0.7837837837837838,0.9092251470392122
1.6885883085907536,2.0372300162565273,0.7813160190965366,0.08353808353808354,0.7027027027027027,0.8882249012272112
0.5139662490363224,1.647112070179103,0.8298472431482022,0.13046683046683044,0.8648648648648649,1.0569391205668763
-0.2549010362509414,0.9009201779527355,0.8316837106556738,0.09115479115479115,0.8648648648648649,0.9777554370291445
1.0164135638621823,1.45526975127867,0.9233018654833842,0.1108108108108108,0.8918918918918919,1.1393075457016955
-0.023512436284976273,0.6990154160899895,0.8286533293635535,0.1181818181818182,0.8918918918918919,1.0334634767948976
-1.8681266204127418,2.048007171477917,0.8085148758716817,0.0764127764127764,0.7027027027027027,0.9999539457444397
0.2759786687250818,1.0859507822160903,0.831440202559748,0.128009828009828,0.8918918918918919,1.0676652521850194
3.0222973374164,3.0891376656852993,0.8452618814647769,0.14815724815724812,0.918918918918919,0.9893035696252712
0.31604536248448345,0.8998574228147455,0.8513107422055023,0.13562653562653562,0.918918918918919,1.0938679525020683
-4.142398866530992,4.260936879504082,0.7441899919830227,0.05651105651105651,0.4594594594594595,0.8692796459769322
-3.9034640636512017,4.28157273482866,0.6957020111311338,0.03685503685503686,0.2972972972972973,0.8037926117213668
-1.4852654167261359,1.774593082840548,0.83926050959391,0.11572481572481572,0.8378378378378378,1.0270903887497569
-2.9585167341631937,3.0112075279254165,0.7874227234145683,0.06412776412776412,0.6756756756756757,0.9485254692291695
-1.8845807030513597,1.9907082122619388,0.7937187313534009,0.08132678132678132,0.8108108108108109,0.9593058114838156
0.2728111152527378,0.8196414655686449,0.7947907017157193,0.08599508599508598,0.6486486486486487,1.0032788172782985
1.0137587813599596,1.2555830671017216,0.8047732339893109,0.1108108108108108,0.8108108108108109,0.9914568579754436
0.723380898897258,1.0439358303824857,0.7548311881411904,0.07616707616707617,0.5945945945945946,0.872927276196461
0.6782015087735292,1.1877155067715808,0.7918909130592768,0.07886977886977886,0.7297297297297297,0.8621639899393161
0.3566872066201922,1.023699340167671,0.8576410204784568,0.14299754299754297,0.8648648648648649,1.132876334188895
-0.017244684733756944,0.7098604209562489,0.8651963035410877,0.16019656019656017,0.918918918918919,1.1176806462403692
3.723793452136833,3.723793452136833,0.9352568049450588,0.16486486486486485,0.918918918918919,1.138177022229265
-1.2984326890577826,1.4144472392474878,0.7749084891093329,0.06904176904176905,0.6756756756756757,0.9006110432775853
-0.5862128777385657,0.9887877809819043,0.7615945185242939,0.06658476658476657,0.5945945945945946,0.8435494576672914
-3.0673268108799867,3.5671894026651403,0.7723427820675128,0.07862407862407862,0.5405405405405406,0.8795262432017505
0.624210017684249,1.4981864253957329,0.7999676798967255,0.11572481572481573,0.6756756756756757,0.9295728302229402
5.360534569112044,5.360534569112044,0.9464318590802353,0.21670761670761668,1.0,1.199019216138928
-1.1208858436635942,1.7076630102272783,0.9290879293851091,0.11818181818181817,0.8918918918918919,1.2254744674628293
-3.845082345108052,3.95246691127157,0.7004796749061684,0.031941031941031935,0.2972972972972973,0.7389327824160628
-4.1697893114731155,4.170909086164318,0.7851845865148194,0.07395577395577395,0.6486486486486487,0.9493265051746378
0.602741974011249,1.3840944015990528,0.8419084577275929,0.14393939393939392,0.8888888888888888,1.1532760905390353
-0.3835797221310782,1.1297114228012795,0.8579771192252865,0.1108108108108108,0.918918918918919,0.9671636974408526
1.6804364190861245,1.752685367141845,0.830484914018275,0.1452088452088452,0.8378378378378378,1.0790770320159708
4.535823101425298,4.6825474623707075,0.8843288583702952,0.20221130221130218,0.972972972972973,1.121370637858014
0.8167632737854298,1.059992450616667,0.8181737119203174,0.1108108108108108,0.8108108108108109,0.9901568939507409
-0.5598730236251035,0.9125744225193412,0.800176900666365,0.10835380835380834,0.7567567567567568,1.0100787437949872
3.2345305338432966,3.34332064885446,0.8788970333607377,0.19238329238329235,0.972972972972973,1.175093678759263
3.1803660615085434,3.2097227697938226,0.8437975142618842,0.16732186732186732,1.0,1.0728120184236116
3.1453087881746895,3.1453087881746895,0.8788692137634847,0.16977886977886977,1.0,1.024778736636357
-3.6089103096547803,3.736138105807778,0.6732193253614172,0.031941031941031935,0.2702702702702703,0.6557296964834588
3.4674070290755097,3.54428830738536,0.8756497193372226,0.17469287469287464,0.9459459459459459,1.1609204822873018
2.095965876958727,2.2012656381591054,0.8490366037828455,0.10835380835380834,0.8378378378378378,1.002791035710684
-0.10096795774761014,0.8745941839759273,0.7860223916490507,0.06412776412776412,0.6486486486486487,0.8567309685959128
-0.03740272678127244,0.8156285477682331,0.7732400312876042,0.08108108108108107,0.6756756756756757,0.9485296953879694
7.530339282980873,7.530339282980873,0.9031316858694186,0.2808353808353809,1.0,1.0462786274060059
-1.7572299663606075,1.8649974496811548,0.7907619053934603,0.09852579852579851,0.8108108108108109,0.9735402960837399
1.9173936432366876,2.0515762690403063,0.8369287632853601,0.14275184275184274,0.8108108108108109,1.0344651841156398
-2.278260069775163,2.3164677691619144,0.7748656446088572,0.07886977886977886,0.6756756756756757,0.8974555614863715
-0.25030129048496497,1.024603311215429,0.8159256586800441,0.09606879606879605,0.8648648648648649,0.9484504825851618
1.6558785519377999,1.715122344698608,0.8318954543365255,0.1402948402948403,0.8918918918918919,1.0364188201277487
-0.9983433367112874,1.9868533408134958,0.7974207270240918,0.11597051597051597,0.6756756756756757,1.0123261128808967
-1.8475935377948312,2.11849359938245,0.7669712132077245,0.07616707616707616,0.6216216216216216,0.8452390655458869
0.411352713413322,1.1118338089242756,0.8515964573149112,0.1257985257985258,0.8918918918918919,1.0266721993238044
0.15305952880501766,0.8415382743768574,0.7942327528596697,0.09852579852579853,0.7837837837837838,0.9146462217701199
2.7868456684343936,3.064881493902214,0.7986427223340566,0.10589680589680589,0.8108108108108109,0.8603847800459118
-2.760780376931145,2.760780376931145,0.6671343846140584,0.00737100737100737,0.08108108108108109,0.6653061478589672
-0.3609529461817098,1.2121291961268008,0.8606079782313385,0.13538083538083534,0.918918918918919,1.191690768342865
-0.716852391288514,1.3806728364352943,0.7499242800570111,0.05896805896805896,0.5135135135135135,0.8789050091694433
3.2495131339283536,3.3027960099012974,0.9465626014714809,0.19950859950859948,1.0,1.2829632575625387
-0.5856759318710728,0.9522680961907674,0.7851990983422779,0.06633906633906633,0.5675675675675675,0.8916981881509051
0.058930451243486955,0.8344268211585242,0.7846659226820636,0.06904176904176904,0.6486486486486487,0.9365316710303617
-2.0602898907943876,2.127424446604491,0.7905544958146288,0.059213759213759216,0.6486486486486487,0.9266899729795686
2.7889093690532847,2.7955075269129384,0.9516204727063272,0.2093366093366093,1.0,1.3042701433834016
-0.07990976207054072,1.1334473445931312,0.8193876903381216,0.13046683046683044,0.8378378378378378,1.0336916319890632
1.6880286320902367,1.7449863622475168,0.7628099024280353,0.06388206388206387,0.6486486486486487,0.7337236377074344
1.6447122267628413,1.9411371613018262,0.9180959680698295,0.128009828009828,0.8918918918918919,1.1629931025662017
0.5338368304359321,0.763968814827278,0.7608022266827025,0.06142506142506142,0.5135135135135135,0.8143741406641873
-6.381964870098576,6.537443621356279,0.5330040711030806,0.004914004914004914,0.05405405405405406,0.47516799658872133
-5.814020263769083,5.87285912117937,0.5550450699327277,0.004914004914004914,0.02702702702702703,0.4564425515367915
2.4699006290148224,2.72312593235165,0.7910545620405182,0.11793611793611793,0.6756756756756757,0.9722722543132428
1.121346757560854,1.3714734540681328,0.8602174495493241,0.12555282555282554,0.9459459459459459,1.0966366306563138
1.3861866980109316,1.6306017233951093,0.7494154331783506,0.044226044226044224,0.43243243243243246,0.8523325280194614
0.25583366206868074,0.8741446122572183,0.8201195231104413,0.1031941031941032,0.8378378378378378,1.0673734339496999
-2.7376769080673213,2.8255676690460647,0.7295805824124919,0.03685503685503685,0.40540540540540543,0.7397897301672409
-1.134895776450346,1.2125928342145762,0.8065938832141848,0.11351351351351349,0.8108108108108109,1.0857687699318361
-1.1356606449201885,1.4967235595659303,0.7968580167683473,0.09385749385749385,0.7567567567567568,1.017889824761735
-0.8103319985372711,1.1118125695723184,0.8405979914402287,0.08132678132678132,0.8378378378378378,0.9423681936095799
2.2832071441569495,2.299019853252267,0.8870452662059323,0.1948402948402948,0.972972972972973,1.1552456637274227
-1.010797098749697,1.3376496819211106,0.7784143153479247,0.0764127764127764,0.7567567567567568,0.8542561985833268
4.209765448777526,4.264858848299498,0.8707227992716856,0.22186732186732186,0.972972972972973,1.1131991194742465
-0.20465697237790623,0.6772918618763948,0.7766706484340188,0.051597051597051594,0.43243243243243246,0.9309687709113382
-0.9489154740077747,1.5270379688747657,0.7457111550761583,0.05651105651105651,0.40540540540540543,0.9128264740883507
4.005415642202482,4.1211685178193385,0.8415269783421242,0.19213759213759213,0.9459459459459459,1.1232142766467383
3.0847588969980135,3.1290916279194994,0.8761164417331859,0.20687960687960688,0.9459459459459459,1.1725980602654809
-1.371826885963124,1.9223073720772883,0.7915784703011078,0.0687960687960688,0.5675675675675675,0.987082368236001
2.597901150424671,2.7000097684766855,0.9412356740412581,0.19729729729729728,0.972972972972973,1.2207989885291166
4.299590472861693,4.525028175492281,0.91583968879631,0.1329238329238329,0.8918918918918919,1.0742351058469088
-2.587541755570236,2.6140783436325292,0.7214371653918077,0.0343980343980344,0.2972972972972973,0.8007024111628971
1.0915121397839964,1.5186213609267745,0.9213483406949582,0.10614250614250613,0.918918918918919,1.0571939611141639
3.362297029852441,3.566275426216438,0.7870041726803476,0.10565110565110562,0.7027027027027027,0.9421266338127116
1.051562071579108,1.5482052812874576,0.9357734586879366,0.1452088452088452,0.9459459459459459,1.250681010662536
1.3838074804804072,1.9273898664327411,0.9289254607171029,0.14275184275184274,0.8378378378378378,1.2074750982441926
-0.9782244359808185,1.1318182425493513,0.7641833300176489,0.07323232323232323,0.5833333333333334,0.8818533258023038
-0.07011575397464648,0.8723351062424272,0.8163522171036721,0.1108108108108108,0.7837837837837838,1.0878670333698024
-4.7005331129508106,4.742803881531512,0.6412056341192555,0.00737100737100737,0.08108108108108109,0.5800818341551652
-2.155535824811464,2.1959956633893802,0.7919290469351622,0.08378378378378377,0.7567567567567568,0.9606722147653562
-3.484494724813998,3.5246979790886805,0.7119796309844955,0.031941031941031935,0.35135135135135137,0.7146467428318494
-1.1277720052834714,1.281782562040646,0.7946102423960483,0.09115479115479114,0.7027027027027027,0.9845641775246813
-1.4454253813611104,1.5219193927228523,0.8247579315753276,0.061670761670761666,0.6756756756756757,0.9267309351456843
2.71450064254275,2.8449028455968333,0.8381218304365712,0.12309582309582309,0.9459459459459459,0.984086856703539
2.818830142697856,2.818830142697856,0.8405551081400079,0.1574938574938575,0.918918918918919,1.027001779235053
2.7942658064963317,2.864066542939019,0.889175723417841,0.16019656019656017,0.8918918918918919,1.0979876603437353
3.0805997541997794,3.0805997541997794,0.8808011588605672,0.1872235872235872,0.972972972972973,1.1626803221874635
0.9333371658434341,1.052680807676668,0.8032447199339385,0.10343980343980343,0.7837837837837838,0.9537273713448566
0.6163428151752747,1.4673695216359093,0.9283680899885843,0.12800982800982802,0.8648648648648649,1.2054186890820546
1.4076729077128662,1.7852385538657594,0.9336609977057537,0.15282555282555282,0.972972972972973,1.2257243238417588
-0.6317255372510912,1.255136474130132,0.7577306064076482,0.06142506142506142,0.4864864864864865,0.7640974989987676
-1.7330868094979701,1.83744430574764,0.7411640604523161,0.041769041769041754,0.43243243243243246,0.8618073883970708
-0.010201924730704564,0.8754910655832444,0.8154692783063175,0.11572481572481572,0.8378378378378378,1.0352275157040407
4.66328090272289,4.66328090272289,0.8859278869787254,0.18476658476658475,0.918918918918919,1.0408682148256734
3.5416252718217476,3.613668263356284,0.9476395851858352,0.19434889434889432,0.972972972972973,1.2284762222353829
1.3768295129988508,1.5933277947466629,0.8221078600995958,0.13562653562653565,0.8918918918918919,1.0069412752754325
1.622996968105759,1.8458649569580126,0.9529093202208766,0.18697788697788695,1.0,1.293655552910028
-0.9359346920246889,1.1972776969718097,0.7347309611136257,0.04176904176904177,0.43243243243243246,0.8267860107213455
-3.698608069172537,3.698608069172537,0.7885959247365933,0.061670761670761666,0.6756756756756757,0.8960574603069934
0.1208767111111926,1.0343028333478934,0.8299439850241209,0.12555282555282554,0.8108108108108109,1.0855011652913396
-0.8396950057619376,1.005871792035955,0.7790823105204026,0.08624078624078622,0.7297297297297297,0.9657905888581015
-1.776360601527316,1.8464020558012488,0.7384055475349646,0.0515970515970516,0.43243243243243246,0.7846508858267294
-3.2081150868264103,3.408208541729798,0.7765713285410992,0.05651105651105651,0.5405405405405406,0.9383103855333624
2.478495759524339,2.6555475446588614,0.9202649523959063,0.11326781326781325,0.8108108108108109,1.0266408832899832
4.707630210696121,4.741843593838076,0.8455729047550751,0.1651105651105651,0.972972972972973,1.0392384591921842
-0.2183112898045784,0.8769834235755654,0.8516983754574102,0.10589680589680589,0.8108108108108109,1.0520086404829831
0.14759611454529342,1.261598820604863,0.8692777316293635,0.1479115479115479,0.918918918918919,1.1192043792348523
0.15537154527364339,1.3233440946644355,0.9278169545462305,0.12309582309582309,0.9459459459459459,1.1334590171143375
2.2538870711479952,2.5775698406687177,0.8905614778645227,0.17518427518427518,0.8918918918918919,1.1792532273398812
0.7058671225408292,1.2431277373086718,0.8064527725952289,0.10589680589680589,0.8378378378378378,0.9872464433202804
-0.0656379449539724,1.1699018587212429,0.8479083153748203,0.09115479115479114,0.8648648648648649,0.9357178898353954
-1.355093846302083,1.4945147808688866,0.7869807980170596,0.0714987714987715,0.6486486486486487,0.922429873660297
-4.128245371732881,4.128245371732881,0.6430272510830602,0.002457002457002457,0.02702702702702703,0.6564432735676492
-0.45575969094487134,1.9470817803570122,0.9437048648374085,0.1872235872235872,0.972972972972973,1.28528557059359
-3.748113964064807,3.9590556546552085,0.7136180599694255,0.0343980343980344,0.32432432432432434,0.7875495427541734
-0.12544686715265357,0.5924875701376591,0.7817195191989978,0.06633906633906633,0.5945945945945946,0.8828682934581964
1.1126824535216748,1.6032017066887896,0.8524959919488954,0.1479115479115479,0.8108108108108109,1.053062317665249
3.855230085074741,3.9251130013862285,0.8015695898289877,0.12800982800982802,0.7567567567567568,0.9312158849755705
-2.591506802499832,2.700688586324473,0.7694537309186252,0.06313131313131312,0.6388888888888888,0.9024394243989222
1.743938496164079,1.9845858407571926,0.9426433924991373,0.16756756756756755,0.972972972972973,1.239896528180668
2.3833669989722006,2.3833669989722006,0.8350452781484698,0.13538083538083534,0.8648648648648649,0.9663285988997412
0.31237584235949517,0.8952137724810346,0.8200257639272135,0.12063882063882062,0.8648648648648649,1.0472485012632922
0.010839449115740358,0.9189888579601462,0.8338322334881912,0.1307125307125307,0.8378378378378378,1.093707552140306
-2.5123457634080766,2.5315873687406047,0.7406606380133209,0.044226044226044224,0.40540540540540543,0.8039746063851542
4.797743906335233,4.943861621673997,0.9051322709193083,0.27125307125307124,0.9459459459459459,1.228903269708612
2.677324063131819,2.6795873790708455,0.9341853763654645,0.1577395577395577,0.9459459459459459,1.180149470435583
-0.20644090790450684,0.8072961445382909,0.8494007863890345,0.12825552825552824,0.918918918918919,1.092121040699997
4.20547158999141,4.4021809207805145,0.8332985448524154,0.17739557739557738,0.8648648648648649,1.0046181811547517
2.502628388955986,2.6209832050318513,0.8022364974264452,0.10343980343980343,0.7297297297297297,0.9152142858292559
1.7936212006147545,2.332576997294654,0.8056450237535902,0.12309582309582308,0.8648648648648649,1.0228740575620547
-0.8876994846897052,1.0570918388437387,0.8234746868151032,0.11572481572481572,0.8648648648648649,1.073988503986616
0.9629068404380046,1.1228612528151305,0.7897588344418137,0.08378378378378377,0.6486486486486487,0.9143119623804992
-2.472821752257027,2.8310235265513075,0.6852308716679368,0.02702702702702703,0.24324324324324326,0.6029044180930303
0.3280732131962475,1.068622794072641,0.9083475724133924,0.10098280098280096,0.8648648648648649,1.0464212139008935
1.4352997358326403,1.5492435116222594,0.8532077602804573,0.15257985257985257,0.9459459459459459,1.0971249165900754
-1.9788752688762477,1.9788752688762477,0.6706571053417719,0.014742014742014744,0.13513513513513514,0.6445952324736745
1.104944259755744,1.2827641685339743,0.8348985438570823,0.14054054054054052,0.918918918918919,1.0003621018872386
-1.5525807845651183,1.824247690935816,0.7975772788840992,0.0886977886977887,0.7567567567567568,0.9978866530118972
2.5273328430983533,2.759343821102984,0.8335628464403474,0.12555282555282554,0.9459459459459459,0.996038144771551
-1.7216743597707609,2.073687796615115,0.7519685823712056,0.0515970515970516,0.32432432432432434,0.909282636193743
3.508134897990422,3.508134897990422,0.9478331175156722,0.20958230958230956,1.0,1.240731051156397
1.2831190120066505,1.8751288207224055,0.8198682252347403,0.14766584766584764,0.7567567567567568,0.9853660056915435
-2.19377420807407,2.19377420807407,0.7256704804354641,0.027777777777777776,0.3055555555555556,0.8394066245554923
-3.0338899690806365,3.155025012287108,0.6464113219681957,0.012285012285012284,0.08108108108108109,0.6733081312306404
-0.6876645296326219,1.4092136893943352,0.8645551765038411,0.1181818181818182,0.972972972972973,1.0024121189787172
1.6015765689056212,1.9742152924508314,0.8355659720153626,0.11818181818181817,0.8648648648648649,1.01172349284964
-1.1574021801106664,1.241284388614242,0.7846414026892804,0.06658476658476657,0.7027027027027027,0.8285312984541452
-1.307018478715559,1.52290747820057,0.7676814314840086,0.07862407862407862,0.6216216216216216,0.8458536652863429
0.35968495102571624,0.9743858408594246,0.8272480356717404,0.08599508599508598,0.7837837837837838,1.0622073673484251
0.6692911174112357,1.4639984161705335,0.91600975933203,0.12555282555282554,0.918918918918919,1.0766331728939562
-1.428282018132417,1.4452860332791966,0.8083096239868208,0.08378378378378377,0.7837837837837838,0.951216850087422
0.1771960876831911,0.9454869588137129,0.7885635803419853,0.09385749385749385,0.6486486486486487,0.9591415146062958
-1.929379066072251,2.837823799049713,0.8709260434174793,0.12555282555282554,0.918918918918919,1.0081309284373121
-2.6104041409981065,3.1121546740828228,0.8348511683348452,0.13808353808353807,0.8648648648648649,1.1051948415198958
3.6080548454589727,3.770272212605525,0.8247801180803276,0.15036855036855037,0.8918918918918919,1.0311523300108847
1.9358141151949946,1.9383025506805651,0.905383246174712,0.1624078624078624,1.0,1.1914722343988495
1.7218671721194365,1.8123609898297608,0.8742179092625822,0.16265356265356265,0.918918918918919,1.1764857548253929
-4.190673493352799,4.257010888261622,0.6447788533300878,0.01474201474201474,0.16216216216216217,0.6519676545876009
3.807749081842022,4.028371083583986,0.8899216319484348,0.20687960687960685,0.918918918918919,1.206251769144884
-2.004555856482118,2.1206699398682227,0.7419522018327397,0.04176904176904177,0.3783783783783784,0.9206477459526147
0.2073832296725496,0.7280054937386492,0.8283427540675514,0.12063882063882062,0.918918918918919,1.01076065335049
1.1268602675262038,1.6831928334394866,0.8328519490030617,0.1108108108108108,0.7837837837837838,1.112661276591495
0.7714422596151082,1.1591064362856591,0.8199863114002853,0.1356265356265356,0.8648648648648649,0.9920879832120346
-4.665491829554698,4.71885630094812,0.5882672866625769,0.01474201474201474,0.16216216216216217,0.5199305156787299
-1.6946800231132013,1.8425598207741083,0.7868066678979249,0.07862407862407862,0.7027027027027027,0.9145726822385004
-0.9855123239382391,1.3411190187066084,0.7374264773367978,0.056756756756756746,0.5135135135135135,0.7983034687184892
0.22087306684044936,0.9041540952830676,0.7558387771982822,0.03685503685503685,0.40540540540540543,0.8875087717263082
-4.666845470097526,4.666845470097526,0.7785774104551623,0.056756756756756746,0.6216216216216216,0.862016255577539
-4.170373698596037,4.170373698596037,0.7205448262348827,0.01965601965601966,0.21621621621621623,0.8288794800422659
2.098676579786518,2.220271470264475,0.7728025467479043,0.10098280098280098,0.6486486486486487,0.9673369588085127
4.346192234209371,4.41727350401169,0.8587772091915643,0.17739557739557738,0.9459459459459459,1.008940193180533
-2.339250982138015,2.4950631410998514,0.782042284787604,0.07395577395577395,0.6756756756756757,0.856489282646684
-0.2726695548286177,0.77056083840145,0.8695622520644901,0.16756756756756752,0.918918918918919,1.1481807803681419
0.9268617826767058,1.353677490410286,0.8009699512431819,0.09090909090909088,0.7567567567567568,0.9923836829339202
2.768440052839102,2.899113636614904,0.8623029246764408,0.14545454545454545,0.8648648648648649,1.060445131126172
-2.7042088788720164,2.7675783731343677,0.8206876144837091,0.09848484848484847,0.8333333333333334,1.0352729766333253
-3.233113561209912,3.233113561209912,0.7599883891596495,0.05429975429975429,0.5675675675675675,0.7995297145293083
-0.11908595858536893,1.180574224092763,0.755925220996752,0.05405405405405405,0.4864864864864865,0.8930273951813509
-1.8227813048244257,1.9055143688609502,0.7784628857052565,0.07886977886977886,0.7027027027027027,0.9251251068539035
2.5033107245150643,2.5283138444158744,0.8720923508948968,0.10589680589680588,0.8648648648648649,1.005392790172217
3.289904051279604,3.487416427425046,0.7498437747799243,0.05651105651105651,0.4594594594594595,0.7123025689933485
-0.11701418592878822,0.9535454559874819,0.8715720590727853,0.16535626535626533,0.972972972972973,1.1954452960816162
1.2639162193538376,1.5248310911574983,0.8588280936117602,0.18255528255528253,0.918918918918919,1.128124429220043
-2.4670287604681644,2.5777636311135312,0.7058448192884239,0.031941031941031935,0.35135135135135137,0.731750447033784
-0.6508659655014778,0.9196891778967751,0.7639890400410517,0.05405405405405404,0.5945945945945946,0.8666814452262019
0.32165697680400296,0.7993610090777619,0.8782655420235649,0.11572481572481572,0.8378378378378378,1.0535910300336884
-0.8907626226400388,0.9554847543172561,0.8135698969640142,0.1184275184275184,0.8648648648648649,1.0436450350178612
2.6654230390282776,2.68364795554038,0.9458212725714895,0.12309582309582309,0.918918918918919,1.1011174840745435
-1.4601067509871533,1.5195493312418455,0.802885344838516,0.07886977886977886,0.7027027027027027,0.9767728830235558
-0.8512079353066262,1.1452714862825568,0.7690495277872859,0.08157248157248156,0.6486486486486487,0.8559521424374934
-0.5396840578119428,0.9937081752849266,0.8512746157295542,0.10835380835380834,0.8648648648648649,1.010380074105496
-0.8297670188127473,1.179695720104522,0.7872444039323002,0.08378378378378377,0.5945945945945946,0.9178101178711897
-0.65597297556508,0.9601800688758054,0.7812935755386471,0.07371007371007371,0.6756756756756757,0.9146749153514474
1.536389956587826,1.7839569939470514,0.8572608089440397,0.12088452088452088,0.9459459459459459,1.0180188781939705
-3.17278700757263,3.17278700757263,0.6817144930355684,0.0171990171990172,0.1891891891891892,0.726966407691695
-0.5853288978276222,1.1003227373281859,0.9096718086829452,0.08132678132678132,0.8648648648648649,1.1159111465768015
2.265406217585126,2.4146338406851906,0.9535273166848645,0.15995085995085992,0.9459459459459459,1.2116718201322716
-1.068033916475795,1.259338343541239,0.7989646373057449,0.09606879606879606,0.7297297297297297,1.0276734136214087
3.7246804412356807,3.7970067215987986,0.8790888520716015,0.16535626535626533,0.8918918918918919,1.041954197132106
0.5636222656799649,0.7274594462819535,0.7775497459512554,0.06633906633906633,0.5945945945945946,0.8423383582550888
-2.047692914171741,2.054755124805381,0.7816531797101456,0.08132678132678132,0.7027027027027027,0.9147056590438943
-0.06496213759155696,0.7947941157060836,0.7725711746163733,0.06633906633906635,0.5945945945945946,0.9449496163375549
-1.046612537076497,1.267581443649861,0.7530454651748496,0.04668304668304668,0.43243243243243246,0.8943010627178634
0.4210531675232651,0.8216329498843098,0.8041488155107792,0.10589680589680589,0.8108108108108109,1.0790315545174278
1.3577648471155186,1.3838747039163668,0.8093342587598107,0.12309582309582308,0.8108108108108109,0.9792177462766
-0.46064329055923503,0.9931726737467806,0.8387595106187665,0.142997542997543,0.918918918918919,1.1151314010900146
-2.746011126672739,3.015460973982315,0.7203023163754076,0.0343980343980344,0.2972972972972973,0.8444144992661156
-3.7217756213015196,3.7217756213015196,0.6440673857333047,0.002457002457002457,0.02702702702702703,0.6052341488289116
-2.065651768889589,2.1109253123240914,0.7531622106775729,0.06388206388206387,0.5675675675675675,0.9376628371843172
-0.11174865399391684,0.7083392059561149,0.8153473225963126,0.12309582309582309,0.8918918918918919,1.0637559991099017
2.834899837368999,2.852839674237407,0.8345569602269877,0.15773955773955775,0.9459459459459459,1.0023013969563366
2.31885561296262,2.6892740837719513,0.8577740838871744,0.14299754299754297,0.8378378378378378,1.0324408789907598
2.483148937154067,2.4884831902755056,0.8047759809023685,0.11818181818181817,0.8648648648648649,0.9147452301464913
3.8582366233507557,3.915328794371498,0.8598121117655574,0.10835380835380834,0.8108108108108109,0.9101103766239301
1.1393619059164521,1.5765758609713003,0.8069339959288141,0.11818181818181817,0.8108108108108109,1.0039963553037958
2.774747817758529,2.774747817758529,0.8904259980251001,0.23169533169533174,1.0,1.2907094227300904
1.0066529057417233,1.1735694840020732,0.8354862721131571,0.12555282555282554,0.8918918918918919,1.0495840288969027
-0.9439430460603465,1.1329692180988276,0.7314897559098086,0.05429975429975429,0.43243243243243246,0.8690201525811974
-1.856854967227704,1.858925141015269,0.6916629849048582,0.0171990171990172,0.1891891891891892,0.7597863418562644
4.639692085229379,4.654048038806382,0.9284355599197109,0.15749385749385747,0.8918918918918919,1.1175992092891667
3.521126023075233,3.521126023075233,0.944209698772949,0.1823095823095823,0.972972972972973,1.1908188035968168
1.6432534574876485,1.6817707912567024,0.8061047395423262,0.12334152334152332,0.8108108108108109,0.9816013703803729
0.6276747140692709,0.9509705872149896,0.7747980189842579,0.07125307125307125,0.6756756756756757,0.8859506336267797
0.840671199678898,1.11673376422532,0.8140502095227864,0.09582309582309581,0.8108108108108109,0.8890838360825954
0.3008027094857773,0.9285594973786988,0.8052616727451944,0.1085995085995086,0.7837837837837838,0.9631689109102399
-1.3963763554355664,1.555295436945804,0.7649011355799114,0.05675675675675676,0.5135135135135135,0.9102534536344893
2.505571791886012,2.576110681858865,0.8582682813598045,0.13046683046683044,0.9459459459459459,1.0445035386318542
-1.5366163372527235,1.9119405459739711,0.817238358431219,0.101010101010101,0.7777777777777778,0.9995174690054497
-1.5625410511351308,1.6935852092148358,0.7873749218799337,0.06658476658476657,0.6216216216216216,0.9699728454392857
0.6342888668087522,1.0620377822169231,0.8171447509435225,0.13292383292383292,0.7837837837837838,1.04557759621149
1.9190575925859799,1.9870780034469797,0.7428570946447562,0.05651105651105651,0.5135135135135135,0.836673663699525
-5.714070213259079,5.969919562387379,0.5771246712791887,0.01474201474201474,0.05405405405405406,0.5232857419249592
-0.14729781295315916,1.6743851143074344,0.9190329794097939,0.10589680589680589,0.8918918918918919,0.9832549476765756
-0.6346238708315141,0.900288006493007,0.8655593076178213,0.12334152334152333,0.8918918918918919,1.0111494116016366
-1.0480431151853757,1.4134042296913105,0.8667644465251283,0.12063882063882064,0.972972972972973,1.141884607648614
1.6771373562646208,1.691995816241235,0.8269258261049663,0.12555282555282554,0.918918918918919,0.9348117976617669
-2.765992526011014,2.7943280541564746,0.644280069558714,0.00737100737100737,0.08108108108108109,0.5880152609499272
2.193725872428686,2.4696089810641424,0.7671183781684153,0.09336609336609335,0.6216216216216216,0.9533381728210054
-3.87025056071739,3.87025056071739,0.7520415444885832,0.05651105651105651,0.5405405405405406,0.8717949992698348
1.456258720489145,1.6504549499547556,0.9513134707883739,0.19213759213759213,1.0,1.3166627897324714
1.7521077020590297,2.159338132164685,0.849450790968098,0.13046683046683044,0.8648648648648649,1.0751310228995843
1.5221159971276488,1.8349321901995497,0.7741103203785311,0.08599508599508598,0.7027027027027027,0.816371642156642
0.7004394488100756,1.099919744213722,0.8039052547368786,0.11056511056511054,0.7837837837837838,1.0176572689962453
2.516258297597483,2.7067118033442625,0.9402417852147038,0.1872235872235872,1.0,1.3030956602660735
0.9547569286101802,1.283449190937835,0.802681843551574,0.07886977886977886,0.7297297297297297,0.9575656909673124
-0.29128214035892996,0.7994710214817704,0.8288499949767988,0.08132678132678132,0.7297297297297297,0.981655711759773
-0.5281930790311467,0.9518935983811747,0.7547871365155143,0.04692874692874693,0.43243243243243246,0.8962872744476303
0.015056095167118864,0.8653012503862758,0.8138538356463043,0.10343980343980343,0.8918918918918919,1.05986152789872
0.6553782373142948,1.3007788222836092,0.8140253428603355,0.11818181818181817,0.8378378378378378,1.0081695864081444
4.594599050875141,4.68150399135488,0.9462417028616756,0.1945945945945946,0.972972972972973,1.2351791714449638
-2.467899746931202,2.564801940492806,0.7968423670142861,0.07641277641277641,0.6756756756756757,0.9673805921590171
3.4671895127662467,3.4808725928778976,0.8322154984502034,0.1479115479115479,0.8918918918918919,1.0211232194944377
0.06010939131552465,0.9384549719307198,0.776282926214687,0.0714987714987715,0.6486486486486487,0.9320636907154496
0.8057691260836579,1.4427670383560018,0.9291802932747186,0.128009828009828,0.918918918918919,1.129661259511617
-0.8013396324982327,1.2128362154406014,0.8264021636499739,0.13808353808353807,0.8378378378378378,1.0925217355345205
0.14190050394081166,1.4075934867654085,0.8242254990033071,0.11326781326781328,0.7297297297297297,0.9814291671269136
3.0842884767328878,3.3940889694550034,0.8341679811926329,0.13783783783783782,0.972972972972973,0.9872821576305799
1.1593349868159781,1.443028216607329,0.9465626014714809,0.17248157248157245,1.0,1.2067625325170341
-2.8658890339458947,2.86605727609943,0.6944222810204765,0.01965601965601966,0.21621621621621623,0.738563921951773
1.5952527646660593,1.8370478894066418,0.8415754634110225,0.16019656019656017,0.918918918918919,1.1061172735973552
-1.8142937815714097,1.848968751823518,0.8118271523886053,0.07886977886977886,0.8108108108108109,0.9609344258353024
-0.014274540583912426,1.1050691504190016,0.906837649791988,0.09852579852579851,0.8648648648648649,1.0618575600307423
-5.8245202381371195,5.891598828787139,0.6640570528063291,0.00737100737100737,0.08108108108108109,0.6591423931219781
1.1236370476670412,1.273535195689958,0.7907474375988327,0.08624078624078624,0.7027027027027027,0.880681500190328
4.128056904197092,4.260863205875371,0.8925070139367985,0.16265356265356265,0.9459459459459459,1.1185413857813804
-6.565878315957934,6.5932511619022085,0.5740631683669072,0.00737100737100737,0.08108108108108109,0.48321813805346714
-0.584391049061606,0.8356053062250698,0.83912571570426,0.08378378378378377,0.7837837837837838,1.0164074937669816
2.336458528047795,2.358187251286612,0.9394507637432928,0.16265356265356265,0.972972972972973,1.2438829153799273
0.05152831105083086,0.9853132734108531,0.8203325844481554,0.08624078624078622,0.7027027027027027,0.9856482961157321
-1.4120589126082836,1.4667322189517469,0.7465971500232872,0.06388206388206387,0.5135135135135135,0.9416269687283055
2.985929073588945,3.012381418120952,0.8539645050811182,0.12309582309582308,0.8378378378378378,0.9735397019597041
-0.823772744350436,1.1324667525728898,0.757699615178623,0.06633906633906635,0.5135135135135135,0.9119663513913615
-0.9130152750156949,1.2837464459762935,0.8554107502877141,0.10343980343980344,0.8108108108108109,1.0166795048023851
-0.1372292632629367,1.038734449468081,0.7743969921163069,0.07616707616707616,0.5945945945945946,0.9110193352993
-0.2835987686789158,1.0246253683793372,0.8597583674030452,0.12555282555282554,0.918918918918919,1.1340759098963191
-2.5493944818694585,2.5744916557051365,0.7292957348826582,0.03439803439803439,0.3783783783783784,0.8018557376601271
-1.2708364490029496,1.4455683754587276,0.800077776499972,0.07641277641277641,0.7027027027027027,0.9352351983656251
1.7932862195618875,2.110727125675369,0.7788172306631104,0.08869778869778869,0.7297297297297297,1.0240268944921866
3.200799432721468,3.322545219657322,0.8303949361092428,0.1651105651105651,0.918918918918919,1.0234569639623339
-3.1310911671900117,3.1576599298302033,0.8127246704808345,0.09115479115479114,0.8108108108108109,1.0056591525733731
-3.238269686024157,3.238269686024157,0.662389849284575,0.00737100737100737,0.08108108108108109,0.7324045857307748
1.404888234050247,1.5188275057291747,0.8392809444749435,0.16019656019656017,0.972972972972973,1.1321111663924452
0.9063505142876127,1.5079244338319413,0.9136080669501233,0.10343980343980343,0.8918918918918919,1.121455876376148
0.09603493320974349,1.334743512964815,0.8002252251769236,0.10835380835380833,0.7027027027027027,1.0485962641306956
2.770380936091438,2.873568471250022,0.8172667547193583,0.13783783783783782,0.8108108108108109,1.0306624447802657
-0.7059076350542947,1.1635127732991906,0.833567393605209,0.13046683046683044,0.972972972972973,1.0880449767082387
2.3958447624248285,2.574526992386352,0.8665050780425777,0.15307125307125302,0.8918918918918919,1.0941840587950966
8.416742970309958,8.607555607843643,0.9450075443997819,0.30786240786240787,0.9459459459459459,1.179423800451818
3.697332269823741,3.7732041296241725,0.870496861204675,0.15528255528255525,0.972972972972973,0.9772910244082947
-1.8918390282624564,1.8918390282624564,0.8374969644893299,0.10122850122850122,0.8108108108108109,0.9910695099612339
0.7332411470672617,1.5377797032183909,0.7948546872766553,0.09115479115479114,0.7837837837837838,0.9755026334079897
2.2607051639783093,2.2893687253615833,0.8868950209669072,0.19950859950859948,1.0,1.2220225036466892
0.962393294158143,1.3682559822075353,0.8588343170963697,0.13538083538083537,0.8918918918918919,1.0290018508732237
-2.257560625134404,2.625130151033803,0.8048768807817381,0.10343980343980344,0.7837837837837838,1.0398848983267404
-1.6747249567834905,1.753081973378647,0.8731979358690938,0.10589680589680589,0.9459459459459459,1.0506284709010707
-0.13810382591452325,0.8480139849421942,0.8356017225758877,0.13808353808353807,0.8648648648648649,1.0478981016231195
-1.381310141904715,1.4298118741591272,0.7831864070280564,0.07149877149877147,0.6756756756756757,0.9133406282473523
-1.12391462847704,1.5451434745381152,0.8066592063613489,0.12063882063882062,0.8648648648648649,1.0946801285022638
-3.9244283183785456,3.956540864508548,0.6897505046688002,0.02702702702702703,0.2972972972972973,0.7326281239866141
1.5893875147040695,1.7067533868425158,0.8243791987163295,0.12088452088452088,0.8918918918918919,1.0245068438487661
3.356973662570259,3.356973662570259,0.9500063199587848,0.19213759213759213,0.972972972972973,1.246799366425896
0.8604108615353734,1.1338194561152577,0.8427970999057339,0.12373737373737373,0.8888888888888888,1.0814908093380426
0.3600613359788016,0.9849226917767372,0.8033965107449335,0.07395577395577395,0.7567567567567568,0.9135367714364462
-2.2112639157476495,2.381478928454709,0.778998405588402,0.07575757575757576,0.5833333333333334,0.9337989569708905
2.2112503146807554,2.400295320281085,0.9322801164673449,0.14766584766584764,0.918918918918919,1.2056747778873946
0.11863832097541736,0.6721666463565338,0.7983640869368543,0.128009828009828,0.7837837837837838,1.0747518575675414
-3.6887250845628854,3.6887250845628854,0.6534852116643823,0.009828009828009828,0.10810810810810811,0.6373938147878148
0.9758053592146886,1.265548365318475,0.8109758119042251,0.12309582309582308,0.918918918918919,1.057160400997398
-1.563785831513736,1.6364864992440589,0.8188063430104768,0.10614250614250613,0.8378378378378378,1.0223381695781115
-1.8889850122604386,2.4581117429848858,0.805014012276098,0.0909090909090909,0.7567567567567568,1.0040126212644485
-0.06487963448240505,0.7716448156584088,0.7333226906641892,0.0565110565110565,0.5135135135135135,0.8015917465589707
2.0859180719560912,2.286976971363685,0.7314722224241786,0.04422604422604423,0.3783783783783784,0.803263974190484
-2.4241231737938675,2.5277266901021083,0.7903548592171848,0.08624078624078622,0.7567567567567568,0.9777993365011934
3.385643885252061,3.694708391505801,0.804041387148051,0.12555282555282554,0.8378378378378378,0.9907180667139228
-0.023112791268151474,1.405492421529852,0.7864617941746662,0.08132678132678132,0.6486486486486487,0.9920571516556215
-1.9882445056240285,2.006048477166504,0.7432652404104686,0.03685503685503685,0.3783783783783784,0.8252384135929622
-1.8562723777969237,2.031585569662431,0.7494216873747908,0.06412776412776411,0.5135135135135135,0.9095064052961727
1.9085870448205335,2.181639218330201,0.9340825026968876,0.13538083538083537,0.972972972972973,1.2083050763693612
0.09165913502904914,0.6521720702080211,0.7814524880609214,0.08353808353808354,0.6486486486486487,0.955049691866893
2.4079124237639498,2.494281509988872,0.8633013955572897,0.17739557739557738,0.9459459459459459,1.1204004025365684
6.758724579113208,6.84596674534915,0.9544209161559196,0.30319410319410317,0.972972972972973,1.3570140722984336
5.356434550455279,5.462724359290363,0.9384665087227481,0.1921375921375921,1.0,1.1237533758683182
2.7153209643797616,2.817576061333291,0.9294183081871696,0.18722358722358717,0.9459459459459459,1.2473488744484784
1.3092988545076403,1.3962267986821664,0.827628401760099,0.12063882063882062,0.972972972972973,0.9487431609741808
-1.2654645566192095,1.4788063509033376,0.8547844028614808,0.12334152334152333,0.8378378378378378,1.073388474733361
-0.4071653817743455,1.016808758893203,0.8567821884116971,0.13562653562653562,0.8648648648648649,1.1278012209352757
-1.2149966433665718,1.3253495396974388,0.8159385478187489,0.09361179361179359,0.8108108108108109,0.9917216081796354
-0.22212675523150693,0.8369045543533373,0.7756705381380452,0.07616707616707614,0.5945945945945946,0.9415143173675045
-0.2621062249211545,1.5197908139919194,0.7281962529599977,0.06633906633906633,0.32432432432432434,0.8315015513186661
1.631052599593817,2.144421284119987,0.7617118115425456,0.06633906633906633,0.5675675675675675,0.8599617905691787
0.594379001409756,0.8340364255416409,0.858038811144376,0.1479115479115479,0.9459459459459459,1.1511800603478477
-3.534809830983456,3.534809830983456,0.6999642863853321,0.022113022113022116,0.24324324324324326,0.7053606046515878
-2.0753442341058297,2.2654173427171327,0.7378209265947896,0.04668304668304668,0.40540540540540543,0.8373242293679695
-2.3855749212679016,2.4042092180063173,0.7962682261131723,0.09852579852579853,0.7567567567567568,1.0562159790874703
-0.6804672090630393,1.5766571067328632,0.7947607789161104,0.10101010101010102,0.7222222222222222,1.0176429711621973
-2.1459425123597144,2.2612748945011214,0.7068553637173008,0.03194103194103194,0.32432432432432434,0.8067030185212435
-2.5105632549428094,2.847566215573595,0.8179658133908557,0.1108108108108108,0.8378378378378378,1.0351155333724906
4.22150878868663,4.334724916092823,0.8681225447017521,0.20687960687960685,0.918918918918919,1.1533613505374443
2.1373138617568235,2.272617520423016,0.813554528428041,0.13046683046683047,0.8378378378378378,0.9595543914892978
4.250634877039497,4.3762651315983225,0.9227962006805975,0.15036855036855035,0.9459459459459459,1.1073418000865007
2.7709881283369793,2.8043694709393705,0.8231663409243467,0.10343980343980344,0.8378378378378378,0.9327996204648075
-0.7466462635457162,1.1236323741098737,0.8745191992760727,0.16511056511056507,0.972972972972973,1.1823015646837054
-2.058268095863638,2.157136919922855,0.748341875755366,0.04422604422604423,0.4594594594594595,0.8747912603823362
-1.8199489772857866,1.8564519184806536,0.7165255181948836,0.031941031941031935,0.32432432432432434,0.718245497987798
0.39294495408081903,0.9394385214062642,0.8131911568718049,0.09852579852579853,0.8378378378378378,0.9630662301534135
-4.855320377062714,4.855320377062714,0.7093757797246618,0.017676767676767676,0.19444444444444445,0.7646827548779268
0.9035716144245217,1.4003901664330383,0.872664350619497,0.15995085995085992,0.972972972972973,1.1759230772451037
2.484845930638312,2.562452030137852,0.8478004793824767,0.1108108108108108,0.8918918918918919,0.9533518023430219
1.9133987287326497,2.085261958034657,0.8648398167594488,0.20491400491400488,0.972972972972973,1.2049646478090976
2.9919896458785673,3.0137679911118003,0.8531170057938244,0.16265356265356262,0.9459459459459459,1.0291495798425923
-0.6180349565318195,0.7983520254344271,0.8028461849722267,0.09115479115479115,0.7837837837837838,0.9910393092830653
-0.41005637466336486,1.8654615527648806,0.9315134545080552,0.11572481572481572,0.8648648648648649,1.1514886445198416
3.325384125383535,3.368382462981893,0.9400901448367707,0.15528255528255527,0.972972972972973,1.1127924496804968
-3.1438966480547923,3.5885269604804257,0.699136491011507,0.05405405405405406,0.32432432432432434,0.7909242350374923
-4.162998113332494,4.22090158203386,0.7112740312835922,0.02702702702702703,0.2702702702702703,0.8474493874117358
-1.4370112361974259,1.8329997212919178,0.7573130988565681,0.07371007371007371,0.5945945945945946,0.9204486776990832
1.132246363971533,1.3971693909934044,0.8207416951411102,0.10859950859950858,0.8648648648648649,0.9226114736872095
2.6735374382769352,2.7099530257673208,0.831196382705476,0.1457002457002457,0.972972972972973,1.0023792227933366
-4.310890001655529,4.319909748443133,0.7325277065173291,0.053030303030303025,0.4722222222222222,0.8896367076561239
2.469017415377819,2.747244197135551,0.8920025351610463,0.13783783783783782,0.918918918918919,1.1715847207268775
-0.7582906839358089,1.0141462159542465,0.8331368047587661,0.10589680589680589,0.8918918918918919,1.0090981028324237
-3.6823314047914932,3.9101979718683495,0.7175429219470895,0.05675675675675676,0.4594594594594595,0.7528785767232374
-1.2928728001790968,1.4295833120204955,0.7964550934522259,0.08132678132678132,0.7567567567567568,0.8437338243644797
-4.094572895374286,4.195119642580444,0.6607850104267271,0.004914004914004914,0.05405405405405406,0.6365253208127952
-6.009139640165476,6.167243874048663,0.5807137201457998,0.02948402948402948,0.2702702702702703,0.5441653014412567
-1.7105820448224687,1.8023418067095027,0.7782418225114112,0.08378378378378377,0.7567567567567568,0.9445326028651237
2.0253389974312923,2.0836299037509214,0.8507516545303571,0.11572481572481572,0.8378378378378378,0.991068531297226
0.031825783317319625,0.9971001958611383,0.8109844397095386,0.12088452088452085,0.8108108108108109,1.0138060176187487
0.2126573227024289,0.8230927158973037,0.8797127980792565,0.16756756756756755,1.0,1.2378301948141444
1.3667798254624255,1.5458480264119443,0.9475254860100216,0.18230958230958227,1.0,1.2576504871470657
3.8179536249870147,3.8979267866812264,0.9532798207067291,0.24398034398034402,0.972972972972973,1.3119394939555733
-2.3516224291419037,2.527470873761714,0.7088837423388661,0.0371007371007371,0.3783783783783784,0.7675851971908126
-1.8927841724716112,2.154478579269877,0.7803524218042972,0.0714987714987715,0.5675675675675675,0.8979490280613841
-0.8356504951700234,1.4921446070129172,0.8560974507457787,0.14054054054054052,0.918918918918919,1.1787026236330562
2.999890552180365,3.035650930265196,0.8382365165263774,0.16019656019656017,0.9459459459459459,0.9734750141172338
-3.5975698805972613,3.5975698805972613,0.7020668154516972,0.022113022113022112,0.24324324324324326,0.692646617322441
-1.5683712918657728,1.7524066052645941,0.7968288952695861,0.07395577395577395,0.7297297297297297,0.9420662500661607
-0.9990347503192819,1.1411833979624535,0.8042822156833879,0.09606879606879608,0.7837837837837838,1.0233933674542899
-2.797327092452079,2.871136943093513,0.833127905632063,0.07395577395577395,0.7567567567567568,0.9410450467959556
0.43348994515870437,1.2600676705120852,0.9326423976687048,0.12626262626262624,0.9166666666666666,1.1445291547509144
-1.187097033842327,1.3966164782390917,0.8665962372908588,0.14545454545454542,0.9459459459459459,1.1284448281335178
4.471311042121783,4.496150960890273,0.8499224101192606,0.16756756756756755,0.972972972972973,1.0133430228301126
-2.8889130590905507,2.8889130590905507,0.6747404385712513,0.0171990171990172,0.16216216216216217,0.7184865419778989
1.4092768181330708,1.6790925184131593,0.8377373916250388,0.12063882063882062,0.8108108108108109,1.0615842885336781
-1.014053911852736,1.2935652598890057,0.7501082086400314,0.04914004914004913,0.4594594594594595,0.8846269468639175
-0.21036065417899105,0.8753744201187659,0.8273576725084641,0.10859950859950858,0.918918918918919,1.0229022083911203
1.4716550648463602,1.5794379279343902,0.8754249435663668,0.15528255528255525,0.972972972972973,1.086873342751422
-2.8679075876763864,2.9941895219092274,0.7903975560270982,0.07886977886977886,0.7567567567567568,0.9171497877793632
6.055701986199244,6.055701986199244,0.9645580901345936,0.2363636363636364,1.0,1.2014535548982028
4.417001600969772,4.533502881692103,0.8529312989564315,0.13783783783783782,0.8648648648648649,0.9624944915111271
-1.4843073883447702,2.125902022184752,0.769012808234643,0.0687960687960688,0.5675675675675675,0.8605452374887761
3.8404543113701917,3.9037965649025113,0.9349793831351589,0.18746928746928745,0.9459459459459459,1.1885086818957082
1.2332153289258305,1.352938157009068,0.8148117669073247,0.10589680589680588,0.8108108108108109,0.9264808756596425
-2.8949453896543913,2.9522136802979793,0.7855961657219235,0.07395577395577395,0.7027027027027027,0.8947151705010086
-0.4809197997781922,0.876103068637843,0.7741061946394386,0.07616707616707616,0.7027027027027027,0.9672060683041106
-0.5150213134318121,1.0708329217605606,0.808907548476641,0.12358722358722357,0.8108108108108109,1.040556381905996
-2.973542366640542,3.096404995282122,0.6641274875214005,0.01474201474201474,0.08108108108108109,0.6979573992341869
1.046091218428395,1.2463010609587997,0.7468228452379179,0.05896805896805896,0.5135135135135135,0.7769722611910541
-0.21767438041704804,0.9946153783825185,0.8176151066767224,0.10835380835380834,0.918918918918919,1.0411558758095623
1.64425624574515,1.965315159581916,0.8715990861598609,0.19975429975429973,0.8918918918918919,1.2251260100648536
-1.7512317569673759,1.8435860745724049,0.7709222453761693,0.05651105651105651,0.5675675675675675,0.917834499400205
0.851962522924836,1.1138130310654106,0.8722226354725894,0.14299754299754297,0.9459459459459459,1.094521654674367
-0.9162287653401503,1.656963771948961,0.8491732322019293,0.13292383292383292,0.918918918918919,1.1271502663207915
-5.729044092391225,5.951040776496275,0.5368005244844397,0.012285012285012286,0.08108108108108109,0.4299746169927698
-0.6709721172395131,1.018391584837291,0.9355220757873668,0.13808353808353807,0.918918918918919,1.1925732256393424
1.1321854197711763,1.585274448321457,0.852896194944447,0.12555282555282554,0.8918918918918919,1.1116770153231708
-3.3049897743694276,3.315454933406015,0.8172546646411116,0.07641277641277641,0.6756756756756757,0.9656034238088989
1.4919019353552858,1.922722901082442,0.8610064189135392,0.1356265356265356,0.8648648648648649,1.0206798377376833
-0.8110106316442375,1.0536919107602516,0.6752153112379898,0.009828009828009828,0.10810810810810811,0.6546581343976599
3.2787189473007574,3.5227669775094923,0.8400957373277593,0.1108108108108108,0.7567567567567568,1.0034790721247016
0.4581301575549172,0.8765471229995422,0.826380359290893,0.11351351351351349,0.8108108108108109,1.0282165433740709
3.7328396421897323,3.748738347017009,0.8243941821819062,0.1479115479115479,0.9459459459459459,0.9436762124689814
1.5078127046736454,1.6818631349502275,0.8679878225625715,0.16265356265356265,0.918918918918919,1.2186442095828838
-0.1621175869290689,0.8837431959133065,0.803693330968484,0.10835380835380834,0.7837837837837838,0.98956920484295
1.5960216005483077,1.790234806455942,0.8310966767397833,0.1402948402948403,0.9459459459459459,1.0380277241279063
0.3912506919693765,0.7788571994015996,0.8026055600901938,0.10589680589680589,0.8108108108108109,0.9815936216778188
1.5114046233013385,1.876989985625542,0.8461106123674569,0.12555282555282554,0.7837837837837838,1.0850924460905695
-2.288257037734425,2.4192684861689377,0.7778026063839808,0.07575757575757575,0.5277777777777778,1.0038036976917164
-0.40830527455583937,0.9406713672203973,0.8049589782592934,0.08378378378378377,0.7297297297297297,0.9959658703909579
1.101914415741581,1.3885854811318947,0.7571056800995964,0.06658476658476657,0.5675675675675675,0.7507523769848262
-2.5763297207399622,2.613451308932979,0.773575461738299,0.05429975429975429,0.5945945945945946,0.8667023903200194
1.2634622359862395,1.8199989531732292,0.83140120271043,0.11818181818181817,0.7297297297297297,1.0418069945974242
-0.9856272834639942,1.0986883560648388,0.753262381367605,0.04914004914004912,0.5135135135135135,0.8903965587461586
3.7826763011541917,3.7826763011541917,0.9442345247939475,0.2142506142506142,1.0,1.3105405324446089
-0.6823705286954393,1.2316366557496772,0.8169768966999308,0.11597051597051597,0.8648648648648649,1.0067830112809932
-1.3097844265387217,1.4437374943584729,0.7636114887009653,0.05896805896805896,0.5405405405405406,0.8957971648608349
0.8583402529514106,1.4739058931770568,0.8060980195094267,0.128009828009828,0.7837837837837838,1.0516629612645738
-2.881639970218412,3.002640098341301,0.7539123781190877,0.04914004914004914,0.4864864864864865,0.9241716540267804
-2.0297603887032825,2.113277718578825,0.6465542748707256,0.00737100737100737,0.08108108108108109,0.6118493007058575
0.8552692428158382,1.1631866980379808,0.824030564136287,0.13316953316953314,0.8378378378378378,1.0895091720197032
3.0854528808527846,3.0983509151467,0.8997133051940006,0.1872235872235872,0.972972972972973,1.174354654164623
-1.627025737583874,1.8988143388082137,0.7897980435364885,0.07616707616707616,0.5945945945945946,0.9909483641648917
3.6912481751580475,3.6912481751580475,0.8742091054747453,0.18697788697788695,1.0,1.0808242374507502
-1.475397934906211,1.8351146225637038,0.7194287009066807,0.06142506142506142,0.43243243243243246,0.8619569088700836
-1.5501805971498421,1.5941935608283493,0.7284488495139357,0.03931203931203931,0.40540540540540543,0.7857574669504453
0.029957652512537406,0.8347394302926086,0.7600946761245941,0.05896805896805896,0.5675675675675675,0.8154088424337755
2.9065007578662634,2.9265071093011854,0.79279330083907,0.10098280098280098,0.7567567567567568,0.8903606105429153
-2.005252643831254,2.3784961566746756,0.8299719604001451,0.12555282555282554,0.8378378378378378,1.109748165036827
2.5626474888934614,2.7118019461093668,0.8505567217013629,0.10589680589680586,0.8108108108108109,0.9769841334804628
0.3805607306436899,1.371541826669515,0.7966183563739103,0.0985257985257985,0.7567567567567568,0.9422620120182812
3.746291854600113,3.8738830506722017,0.8833321083280778,0.19729729729729728,0.9459459459459459,1.194930338025943
4.703049706915815,4.75236137015605,0.9517888511995171,0.19705159705159703,0.972972972972973,1.1445919496391943
-0.5814339573441121,0.9730498691526863,0.7804219756083629,0.06879606879606878,0.6486486486486487,0.98011950682877
-1.1965542342384985,1.8952465272638932,0.7892741664249288,0.101010101010101,0.75,0.9993727848351133
-2.6913718163578584,2.6913718163578584,0.6944104506785012,0.02702702702702703,0.2972972972972973,0.7159316129401588
-1.1431339763379817,1.3030500523262734,0.7525951362000092,0.04914004914004914,0.4864864864864865,0.8861998303691221
-0.8791023072274878,2.1344254164148877,0.7973018526401144,0.1031941031941032,0.6756756756756757,0.9864299917422418
-1.5071626683430497,1.6703141719574002,0.8363386515502311,0.08624078624078622,0.8378378378378378,0.9342850510781465
6.047971952185679,6.140661993804292,0.9246316286168926,0.1501228501228501,0.918918918918919,0.956838246348375
-2.0062352853575405,2.4329349806445792,0.7055051419047772,0.05651105651105651,0.35135135135135137,0.7678724825258768
-0.13544900809187826,0.8552894918954518,0.8413247319167475,0.08869778869778869,0.8378378378378378,1.0218509034188599
-0.11062289223513999,0.8162812985203561,0.8160586413381192,0.11105651105651104,0.8648648648648649,1.0693476330838751
-4.895347861219099,4.895347861219099,0.641576670697167,0.012285012285012286,0.10810810810810811,0.5919317954332235
0.601190481451248,1.1388151628657934,0.7786750179277494,0.07862407862407861,0.6756756756756757,0.8631569727779609
0.9668577158675202,1.2862294871053634,0.8215602629859404,0.0886977886977887,0.7837837837837838,0.8815317576910139
-0.891366404761244,1.048086406833413,0.7475603034201863,0.051597051597051594,0.4594594594594595,0.8678918155325532
-0.7421601248948327,0.9157298928268058,0.768257272169707,0.07125307125307123,0.7297297297297297,0.9021845560364391
-2.9932566717920714,3.107604072828883,0.7808665864731392,0.05405405405405405,0.4864864864864865,0.8987655626189642
4.220110684836043,4.23009919257169,0.8937375243807174,0.21154791154791155,1.0,1.212280073190527
-0.20379649560284382,0.7244345500704065,0.7490206036004796,0.051597051597051594,0.4864864864864865,0.8895685825926847
-1.7934013407982863,1.7988194072877814,0.7273174944465846,0.051597051597051594,0.4594594594594595,0.8417189107516863
-2.1352947586595157,2.19624790578821,0.8176956326630077,0.11597051597051596,0.8378378378378378,1.061721576763493
-1.9675381595079882,1.9971024375263848,0.7726922819486974,0.06412776412776411,0.5675675675675675,0.9406304827800187
-1.031023074199512,2.101188149026401,0.7667534873269076,0.07616707616707616,0.5135135135135135,0.9064586582491629
-4.98520805834467,5.171903052409524,0.6926555820864795,0.0343980343980344,0.2972972972972973,0.7383257974280583
-0.5609959241700591,1.058432203780105,0.8548449663806647,0.10589680589680588,0.9459459459459459,1.0470264083164558
3.9017951506478923,3.9017951506478923,0.9412224939042035,0.16019656019656017,0.9459459459459459,1.1822905927939278
0.4446530797766249,1.1995008652745176,0.7690881945837705,0.08132678132678132,0.6216216216216216,0.9410296840502647
-0.3896127347889948,0.777659648395262,0.8005049557807898,0.10073710073710072,0.8108108108108109,0.966979720105897
-0.284446476305248,0.6836231497891998,0.7513285311043832,0.04176904176904176,0.43243243243243246,0.7965758804704439
-0.8404416936115303,1.5730741629184484,0.9185010628481962,0.12800982800982802,0.8918918918918919,1.1730558359600396
0.7511866759077086,1.1045620904031632,0.7494203549858194,0.05405405405405406,0.43243243243243246,0.883929374763933
0.9688138997826391,1.414327043244321,0.8545179568000839,0.12063882063882062,0.8918918918918919,1.0456863428471919
-3.9336871295652935,3.995609654130675,0.784051664138143,0.07575757575757575,0.7222222222222222,0.9283911089898154
1.3837676232982468,1.814257777463578,0.8281683921479625,0.09361179361179359,0.7297297297297297,1.0212048937823905
4.184677903744631,4.233149722312706,0.9363531291747125,0.2169533169533169,0.972972972972973,1.304129515748833
3.145103840263908,3.253742969123242,0.9460258253442977,0.15773955773955772,0.9459459459459459,1.205031902102447
-0.8317000140264124,1.3690849017841602,0.7810282258382631,0.07395577395577395,0.5945945945945946,0.8849446076065721
-0.9113165699230014,1.0939178849975812,0.9093495419423269,0.08624078624078622,0.8648648648648649,1.111662336600894
-0.7166338956993193,0.9679116778270267,0.8352696638045899,0.07886977886977886,0.7027027027027027,1.0027543159200867
1.459941021625994,1.7147201969820551,0.8874543047753013,0.1651105651105651,0.9459459459459459,1.1714712000972416
-1.0027701076507451,1.4138356047722997,0.7554462508351636,0.05651105651105651,0.4864864864864865,0.8816127833564146
-3.6423755793730295,3.681402806971686,0.6853923730331363,0.01474201474201474,0.10810810810810811,0.7517676609249673
0.243986362371236,1.0791148040283325,0.8598620191713725,0.13046683046683044,0.8918918918918919,1.104388838291001
5.845356841869171,6.07293898012988,0.9483889596348866,0.2216216216216216,0.972972972972973,1.1844053614287917
-2.7880452560088744,2.8193162339392632,0.6511126917644504,0.01474201474201474,0.13513513513513514,0.6613587834472128
-2.121197436338021,2.121197436338021,0.7293558456670484,0.03685503685503686,0.35135135135135137,0.8628265930746893
2.8376036555089876,2.8752888776227814,0.8326660165926955,0.2071253071253071,0.918918918918919,1.1311636305411061
-1.2416932946004073,1.4806823329849053,0.76907284389968,0.06388206388206387,0.5675675675675675,0.8567404836211766
2.9625386021161475,3.026054689177511,0.8636491708922724,0.13783783783783782,0.8918918918918919,1.0258409815345384
-1.0266204475490488,1.2563305972246812,0.7697776151209024,0.08157248157248156,0.6756756756756757,0.9291917070145593
-3.70638774039333,3.833677714094151,0.6709792575989763,0.0343980343980344,0.2702702702702703,0.7157774808687449
0.2716800430097455,0.9696569848686317,0.7847817892011734,0.08378378378378377,0.6216216216216216,0.9084001451660668
0.05738289596338263,1.2899597230538016,0.934731680493052,0.14545454545454542,1.0,1.2527200528659912
-0.5699969469951832,1.242349389191235,0.7988205497560988,0.09115479115479114,0.6756756756756757,0.9858434890082248
-0.4147192290202879,1.315486848553151,0.7668996236331479,0.08599508599508597,0.5945945945945946,0.9550880648416951
-3.241284505417711,3.3241824326897498,0.7613948277820637,0.051597051597051594,0.4864864864864865,0.8415582135099431
4.052886404013668,4.209102542658991,0.9303481102243188,0.1528255528255528,0.972972972972973,1.1412638476529573
0.21537569131637888,0.8752420679584785,0.7610181659707549,0.06904176904176904,0.5675675675675675,0.9280613441953284
5.75108616385195,5.921214074235132,0.8828039336065306,0.1948402948402948,0.8918918918918919,1.077050958708653
1.6806599484340297,1.6826726591893033,0.8179745953207297,0.1452088452088452,0.8918918918918919,0.9867215049593706
2.685850560094608,3.007977664360447,0.7982513542351949,0.10835380835380834,0.7027027027027027,0.9437160850335725
-2.5244814247979317,2.6262009977895397,0.7519416719376746,0.05896805896805896,0.5405405405405406,0.8175794888995132
-4.2858236714614275,4.3464463328630405,0.7294963448222959,0.031941031941031935,0.35135135135135137,0.7007721311612536
-1.456327224825291,1.58232603861858,0.791103281414561,0.09115479115479115,0.7567567567567568,0.9611343530191
-0.2785750434721701,0.8292998567574666,0.8241589802269623,0.10098280098280096,0.8918918918918919,1.0059708885845182
-1.6303478528319901,1.657213580144805,0.7905079013089529,0.07641277641277641,0.6756756756756757,0.927048316239512
1.4098550931130736,1.6595430799802362,0.8185900060977366,0.11351351351351352,0.8108108108108109,1.009925460605717
2.7028976190712006,2.763744908847062,0.8022053575437652,0.11572481572481572,0.8108108108108109,1.0308504511951877
0.4057093272301525,1.3216689766931122,0.9485283168889914,0.1528255528255528,0.972972972972973,1.2509084177965546
-0.027731175629010965,1.0610347471211992,0.7964652981092527,0.09115479115479114,0.7027027027027027,0.986849618565097
-0.3971916839472741,0.8864078366144564,0.8385165626331033,0.08378378378378377,0.7837837837837838,0.9730495999118063
3.0368947205600274,3.245285268941878,0.8370682716633616,0.18746928746928743,0.918918918918919,1.058359960994141
-4.1083917046419245,4.136016978338627,0.6655439826375782,0.009828009828009828,0.10810810810810811,0.7344674343292827
2.315749272999816,2.3427247364038504,0.9556249571930956,0.19213759213759213,1.0,1.268323269766211
-5.0192343899778304,5.061867031677089,0.6756194600527224,0.03535353535353535,0.3055555555555556,0.7805524422580267
1.617017136813868,1.632029045754348,0.81645921393256,0.1582309582309582,0.8378378378378378,0.9871739557977214
5.234964707524467,5.396606428094759,0.8170484639756965,0.1402948402948403,0.8918918918918919,0.8630837069598136
-0.2527171635561755,0.9702046607279012,0.8415359953284977,0.14078624078624075,0.8648648648648649,1.0473602067306447
-5.604236710045008,5.648493842873569,0.652145898003484,0.012285012285012284,0.13513513513513514,0.6629576563166811
-3.134665002654132,3.395785200983789,0.7054996446860851,0.031941031941031935,0.2972972972972973,0.819002563103293
-4.747208687645333,4.747208687645333,0.6215047020820008,0.005050505050505051,0.05555555555555555,0.6111690343356982
-0.2019467533799583,0.9887528806003518,0.761298872157241,0.06633906633906633,0.5945945945945946,0.912085839413632
0.7162289834725152,1.6466550944886267,0.8401878655696101,0.14275184275184274,0.8918918918918919,1.0357206432667918
5.292804586230003,5.365758755612744,0.8575558422707127,0.19926289926289925,0.9459459459459459,1.0568099226607612
3.860915796099566,3.9430448221571637,0.8533401357264355,0.18697788697788695,1.0,1.1201152894002755
-2.233719475156144,2.233719475156144,0.7554319100669454,0.05184275184275184,0.5675675675675675,0.8312794681968533
-1.1432790301708384,1.518069075557368,0.8434004359952414,0.12825552825552824,0.8648648648648649,1.0643531301004303
1.6902652939401412,1.8850342144661085,0.8677710326025073,0.15528255528255527,0.8918918918918919,1.1633623792453076
0.6540521092474801,1.0106786757657649,0.8340738233751369,0.1307125307125307,0.8918918918918919,1.0667107288529076
2.2298340603348423,2.271986306699137,0.7983854408282266,0.11572481572481572,0.6486486486486487,0.9251195141372166
1.7325636129417623,1.8777832589226247,0.8331391253906846,0.13759213759213756,0.8108108108108109,1.0537720873727587
-1.3225413979316911,1.4787076299686253,0.7975010128212515,0.07886977886977885,0.7027027027027027,0.987472584330377
-0.4305418963212274,1.0319407598332744,0.7725190954556604,0.06142506142506142,0.5405405405405406,0.8656968107971373
-5.543230863992022,5.798708210585614,0.6859134965267081,0.058080808080808094,0.4166666666666667,0.8064778047038212
4.651796212754297,4.724583051762185,0.8287181584495166,0.17248157248157245,0.972972972972973,0.9719354446557947
1.3295705684821573,1.4813082198270533,0.8314667112615518,0.16781326781326777,0.8918918918918919,1.1442345069806243
1.7524933484022325,2.1011931965273463,0.8065417479918044,0.128009828009828,0.8378378378378378,1.0180465578644575
1.939271889070101,2.1628345594603533,0.8093112607343628,0.13783783783783782,0.8378378378378378,1.0021397314713063
2.8606450968795727,2.9746538851094098,0.7559070933218439,0.07616707616707617,0.6216216216216216,0.7973674372709432
-1.0257271498409928,1.5528344433417705,0.8009876358433544,0.10810810810810809,0.7297297297297297,1.00907326501066
-0.5395897619429821,0.7477451152167783,0.793982021347406,0.08869778869778869,0.6756756756756757,1.0806024472045481
3.3445286570451502,3.748918757092743,0.8995453450062806,0.2196560196560196,0.9459459459459459,1.2334731074104344
-0.29343144532733345,1.0083694320110663,0.8123999585056731,0.12825552825552822,0.8648648648648649,1.0528123221283356
-0.4201115440165603,0.6988440296224506,0.7584021147035435,0.06142506142506142,0.6216216216216216,0.9346939562929827
-3.6757181412366298,3.6757181412366298,0.7191166483865611,0.02702702702702703,0.2702702702702703,0.7267696290935436
-5.436348858723883,5.465414988861442,0.592495751650166,0.002457002457002457,0.02702702702702703,0.5243679314837103
-1.2257730876348873,1.3280299386519168,0.7557457245066659,0.05405405405405405,0.5135135135135135,0.8100539745645343
-0.7149662484281084,0.9366598651863585,0.8119285321085545,0.09582309582309581,0.8378378378378378,1.0230627995074837
-1.1584712404273108,1.2827065590922588,0.8643081419337871,0.12825552825552824,0.9459459459459459,1.1062998096683898
-0.022892003275607534,1.1821962652182,0.830620024499142,0.08624078624078622,0.7567567567567568,0.9628312607093908
1.283035924283327,1.6179040719727802,0.8310914230243384,0.1479115479115479,0.918918918918919,1.063733894461564
-0.756529248482982,1.5704628945928463,0.8383694552068676,0.14299754299754297,0.918918918918919,1.111758300694792
-1.2378793785041176,1.3443522298855932,0.726074207089197,0.04914004914004914,0.40540540540540543,0.9125131204401142
-3.9961010257356904,4.057673298379391,0.7233227632852469,0.02948402948402948,0.2972972972972973,0.7292906770022316
-3.0466455845062494,3.066560480278125,0.704983136891633,0.019656019656019656,0.21621621621621623,0.7796125848598979
-0.835279568488746,1.9582325619009335,0.7891003744671011,0.09336609336609336,0.5945945945945946,0.954184651684529
1.1117081981044838,1.2815707867773685,0.8379005025759766,0.10859950859950858,0.918918918918919,1.0156367251127643
6.709360955095796,6.783410876564135,0.9506136585587194,0.25380835380835387,0.9459459459459459,1.2105298975068701
0.6429085134598984,0.9263482180465498,0.7678801677856572,0.08132678132678132,0.6486486486486487,0.8839599657745183
-2.8397263179448204,2.8509064775968556,0.7062811024303823,0.031941031941031935,0.32432432432432434,0.7761416617092202
1.9880545257146325,2.2453118721989695,0.7917672939491608,0.09828009828009826,0.7027027027027027,0.9416972375552269
-1.8549677217866256,1.8696843969608237,0.7295915526378057,0.031941031941031935,0.32432432432432434,0.8417750095417685
-0.8988796841283001,1.4015270345226,0.9133906158269419,0.10343980343980343,0.8918918918918919,1.1379990026565105
3.4091756432700135,3.4569312049541465,0.8886200326382242,0.23415233415233416,1.0,1.1983544950868812
1.1466296065483716,1.1965004348542452,0.8265126733103946,0.1452088452088452,0.9459459459459459,1.056559771773975
-1.0055626379354736,1.0879133476324463,0.820230298687237,0.12825552825552822,0.8918918918918919,1.1124276338580394
-0.6207192130942248,1.0867278181923445,0.7780499145333545,0.08378378378378377,0.7027027027027027,1.0437390004881377
2.710376195456721,2.748410372711946,0.8148744558354987,0.14545454545454542,0.8378378378378378,1.0523871897075951
-2.3473982531954407,2.3876434566453675,0.8012741414993325,0.08869778869778869,0.8108108108108109,0.960541670218276
-0.5619273048039823,0.8774676670989718,0.8313893713295484,0.08869778869778869,0.7567567567567568,0.979419868622732
-0.8117120172948535,0.8960527102920856,0.7968329867263879,0.07886977886977885,0.6756756756756757,0.9807217593673938
-1.4410564634483378,1.577735599952298,0.7681726015561195,0.0542997542997543,0.5135135135135135,0.9031300750255684
-3.1366262257911717,3.322681623788392,0.7559223984021883,0.044226044226044224,0.4594594594594595,0.8375012198438779
2.8895285120344947,2.9176669566015105,0.8063274063820157,0.13292383292383292,0.8108108108108109,0.9421901408000779
0.28120691608174525,0.9576386675394964,0.84232653881267,0.1257985257985258,0.8918918918918919,0.9918579382840428
-0.8373559315576207,1.2900943960216604,0.7011687951898499,0.04938574938574939,0.3783783783783784,0.8187728028504834
1.123386061578441,1.672369176458621,0.8304690277317962,0.13783783783783782,0.972972972972973,1.139141565329892
1.4998242428265065,1.5336203149885062,0.8132443427003151,0.11572481572481572,0.8378378378378378,0.9287042516611392
0.5186424275542765,1.1184818322425414,0.7641626363705067,0.08108108108108107,0.6216216216216216,0.8896941130476561
-2.515887534647143,2.6684269912002434,0.7439251126128671,0.04668304668304668,0.4864864864864865,0.7736112484527602
-1.9537243493418586,2.1281500043386563,0.7892454105037412,0.0764127764127764,0.6756756756756757,0.9397023970255236
1.9231656096792584,1.9610872907943366,0.9457603377345889,0.15036855036855037,0.972972972972973,1.168190545644373
-0.6311021730444747,1.0525626128595236,0.8693807759211982,0.1452088452088452,0.972972972972973,1.1346961492754486
1.1446919752375713,1.3936533570912268,0.802411061569904,0.09385749385749385,0.7567567567567568,1.0097459846885668
3.2957581166289573,3.5016068205421673,0.8396032187969158,0.1479115479115479,0.8378378378378378,1.0289492888189098
2.2304882164415676,2.3513882024207913,0.86346621527539,0.17739557739557738,0.918918918918919,1.1371777825797615
1.5775315108883519,1.77962412634455,0.847838239102139,0.09852579852579851,0.8378378378378378,0.9286764392070218
-1.9009654500224995,2.0662716804361385,0.7555222626737934,0.04545454545454545,0.4722222222222222,0.8791757919659856
-3.6998913121617747,4.00677442192217,0.6792841102225071,0.031941031941031935,0.2702702702702703,0.6773314696580709
0.06174378188843635,0.7654127927180026,0.8143591567205658,0.09115479115479114,0.8378378378378378,1.024561126697879
-0.7542072916377347,1.0382385767012896,0.7658786568358675,0.06633906633906633,0.5405405405405406,0.9134682300446255
-0.4561221388861014,0.9181594314003251,0.8898512509871394,0.1338383838383838,0.9722222222222222,1.1364976801734326
-1.1492548334594537,1.278545079293364,0.8092755193926887,0.0886977886977887,0.7567567567567568,0.9763026061166432
0.03887495970136527,0.7974400106016026,0.8078255679377272,0.08624078624078622,0.7567567567567568,0.977396161582115
-0.9678178834015556,1.1125489643217872,0.7674024488419267,0.06633906633906633,0.6486486486486487,0.9288278485161474
-2.589418141304711,2.589418141304711,0.827520609412897,0.07149877149877149,0.7567567567567568,0.9485929744870539
-0.7745867908956684,1.3307261211523471,0.8514609806175162,0.11818181818181817,0.8648648648648649,1.0434947695237855
-2.19206909237834,2.277977453096634,0.7499047617761636,0.04914004914004913,0.5135135135135135,0.8960742789836058
-1.5225002256172413,1.6791450361688438,0.9044346347345797,0.08624078624078622,0.8648648648648649,1.0595444560359892
0.6278576418287011,1.5090100781577591,0.9267067703133854,0.16265356265356265,0.9459459459459459,1.2721633383840432
-0.5972517795990948,1.6942737579259521,0.8336363554505584,0.10835380835380834,0.8378378378378378,1.0017258835737388
-3.737624340339072,3.7450278491258766,0.7004101405060074,0.02457002457002457,0.24324324324324326,0.6812843134991073
-1.498582586743959,1.560814700483371,0.728403770205208,0.02948402948402948,0.2972972972972973,0.8688109916705254
-3.078905099412724,3.147362186594011,0.83176449866018,0.08080808080808081,0.7222222222222222,0.9968656006649161
-1.5729367485651538,1.7278386713964065,0.7335863542192105,0.04176904176904176,0.35135135135135137,0.820606562827852
-2.532832987287623,2.532832987287623,0.7858795040003831,0.06904176904176902,0.7027027027027027,0.9247131214774502
2.4349754396146803,2.5396088914691806,0.840383429622788,0.1329238329238329,0.9459459459459459,0.9428665161459417
-2.2493618405606632,2.2546306949302037,0.739477083813158,0.03439803439803439,0.3783783783783784,0.8087065794020954
-2.90418328986207,2.90418328986207,0.7570427456458375,0.05405405405405405,0.5405405405405406,0.8209142787474246
-2.3138871842722732,2.3138871842722732,0.8488823437345753,0.09852579852579853,0.918918918918919,1.012857926330318
-2.1046948486438084,2.1046948486438084,0.7668730293732393,0.06388206388206387,0.5405405405405406,0.9082500734207851
-0.2842071035618685,0.8953953423309687,0.8223117270374158,0.08838383838383838,0.6944444444444444,1.0859197066731066
-1.5639408257042373,1.5686153252812136,0.7867384355134523,0.07125307125307123,0.5675675675675675,0.9598333993708078
4.282584656811853,4.289494600150367,0.8205366693371046,0.17027027027027025,0.8918918918918919,0.9540634949952134
-3.5308271640873756,3.543419677751318,0.7404544572563426,0.051597051597051594,0.4864864864864865,0.8633384891834698
3.3814002224606923,3.437677326317008,0.858220704116597,0.16486486486486485,0.918918918918919,1.0945502262502673
1.5831344505304892,1.9130413208290424,0.913309082441472,0.12063882063882062,0.8648648648648649,1.0749561436884414
0.8668346956753202,1.6158738675951132,0.8179434677343963,0.1108108108108108,0.8918918918918919,1.061973985397581
0.4307269467216214,0.7940247129190248,0.8392793607279488,0.13046683046683047,0.9459459459459459,0.9906187223992443
3.883576410371676,3.974992905716742,0.8406333002224495,0.15749385749385747,0.8648648648648649,1.092015178532706
0.9437957204482835,1.2166168067949066,0.8242127147348332,0.14054054054054052,0.918918918918919,1.1255457536104656
-5.501756572300754,5.982063762881258,0.634847688307036,0.0606060606060606,0.3333333333333333,0.6838975451909718
-0.2594250639786306,1.1651181853877375,0.8361280554243016,0.12039312039312038,0.8378378378378378,1.092715733841161
1.9213913471314548,2.035927774662981,0.8357075387036624,0.14054054054054052,0.8918918918918919,1.040290280270637
-0.6760310204729398,1.176248826298263,0.9197059000420336,0.11572481572481572,0.8918918918918919,1.143350080704709
1.066845965835226,1.6760296604840303,0.8374404372237805,0.14275184275184272,0.8108108108108109,1.1132503252553274
1.1768637824718549,1.398799998705067,0.835648315194241,0.14324324324324322,0.9459459459459459,1.0928741812872538
-0.31268595325882126,1.2748974495740955,0.9216118990688327,0.12309582309582309,0.9459459459459459,1.1438579424644275
-2.5520406699885143,2.55347263097914,0.7337132934833275,0.02948402948402948,0.2972972972972973,0.8788956498889409
0.7053174991404818,1.422980562460878,0.8568412268412932,0.1506142506142506,0.8648648648648649,1.138408058784063
-0.5120234057299521,1.1702814111957958,0.9083378762711026,0.08378378378378377,0.8108108108108109,1.075069190239341
-2.137970050172497,2.1675287512077315,0.7671970821337227,0.07395577395577395,0.6216216216216216,0.9227414103430764
4.443062774717175,4.798472014991932,0.7847315339860299,0.11793611793611793,0.6756756756756757,0.8848791016680516
0.582518969965456,1.164391121462773,0.8340816643319793,0.11572481572481572,0.8648648648648649,1.053902777057112
4.208795284928061,4.210943373192853,0.9575615918647713,0.20958230958230956,0.972972972972973,1.2620255936906384
-2.4559395465128078,2.7255993271748333,0.8401591651887137,0.13316953316953314,0.918918918918919,1.0470170580558658
1.1061735944106077,1.6492520041630094,0.8341483709687769,0.17248157248157245,0.918918918918919,1.1929583313289154
2.9924929853788296,3.0161268344171948,0.8254732115541836,0.1624078624078624,0.9459459459459459,1.0883579806953911
2.41982775154676,2.4251572922078233,0.944984249165831,0.19213759213759213,1.0,1.2777085299821074
-1.0659867867895736,1.242599864398386,0.7936580997570851,0.09115479115479114,0.7027027027027027,0.9868617424010727
-2.1561919124409927,2.240628359494168,0.7868439571438992,0.06633906633906633,0.6486486486486487,1.0307869728712766
0.22539762097597185,1.0169843682365654,0.9114380280344457,0.10098280098280096,0.8648648648648649,1.0780155880335072
-0.5804100282333675,0.9267099777130988,0.7532094542491649,0.04914004914004914,0.4864864864864865,0.8616273151204004
3.0200120707413207,3.1999604550177874,0.8852295564641839,0.16044226044226043,0.918918918918919,1.1160649464999894
2.5146110895122655,2.6906850752001374,0.7846997213131071,0.10343980343980344,0.7027027027027027,0.8785402149776268
2.5926683592751067,2.7658641311083687,0.841743930289591,0.14299754299754297,0.8918918918918919,1.0472517120188285
-1.590604648309893,1.633653623637229,0.7343215896750825,0.039312039312039304,0.35135135135135137,0.882998481836622
1.1811852678912125,1.5818518402376287,0.7929459080214378,0.09336609336609338,0.6756756756756757,1.0091094237548468
-0.24750699446601124,0.8167626385799484,0.8021733787229197,0.08624078624078622,0.7567567567567568,0.930777850659352
-4.075752561079244,4.194793765075171,0.7608207024281587,0.0542997542997543,0.5675675675675675,0.7783810718010625
-1.146674360802531,1.2640925376832954,0.8216545577745364,0.10343980343980344,0.8918918918918919,0.9676659724808145
-1.585940944571105,1.7717723995077868,0.8135336279313152,0.07641277641277641,0.8108108108108109,0.9453053036441329
-0.29036751891813617,1.0372628363187197,0.7582064298402825,0.061670761670761666,0.5405405405405406,0.8234431687696554
-1.7813213366197882,2.0298684287796718,0.6946938796559637,0.031941031941031935,0.32432432432432434,0.7567701439481256
2.5431200227519146,2.5855111290715924,0.8746879027122073,0.13783783783783782,0.9459459459459459,1.0529077414894996
-3.064216653278385,3.064216653278385,0.7073530080482971,0.034643734643734644,0.35135135135135137,0.833209035065801
-3.5098256481759207,3.5372734379336435,0.8178534756713186,0.061670761670761666,0.6486486486486487,0.912562954255174
-1.1827991756801288,1.2872297056647892,0.6970677907134626,0.012285012285012286,0.13513513513513514,0.7691629537212911
0.43170693047616643,1.1392048650141784,0.8737576965811197,0.15528255528255525,0.8918918918918919,1.1534544067892443
-0.5099920251954286,0.9745715577551055,0.8224448906773649,0.11351351351351352,0.8378378378378378,1.0194679575618184
-1.8428920896766785,1.8537073715633887,0.7956852148050038,0.06879606879606878,0.6756756756756757,0.9255634646071337
-1.16432346816321,1.2873786694466198,0.762622534669484,0.06142506142506142,0.5405405405405406,0.8153861651322014
-0.32434275155346365,0.8001801642488842,0.8117182841386974,0.07149877149877149,0.7297297297297297,0.9677534563481995
-2.236756610655434,2.47533812082075,0.7472199569120814,0.05675675675675676,0.5405405405405406,0.7399207528570304
1.6652428951417824,1.7067001175904117,0.7874732241153988,0.10073710073710072,0.7297297297297297,0.915459177049407
-0.31036450027083373,0.7405910299149359,0.781525446311508,0.06633906633906633,0.6486486486486487,0.9074994887581962
-0.1753531614242796,0.9430862153992526,0.86568193745442,0.1577395577395577,0.918918918918919,1.2074873784969058
-0.7962260948616768,1.3697206313048618,0.8330951290836685,0.08132678132678132,0.8378378378378378,0.8354342729763417
4.923586576390407,5.0427549144873165,0.8963262186850053,0.20958230958230956,1.0,1.0985968578822456
0.9900312334146077,1.2566616532485724,0.7485865545254599,0.06412776412776412,0.5675675675675675,0.7921864916655544
-1.916314292102547,2.0324130850158664,0.8380450275438488,0.07395577395577395,0.7837837837837838,0.9572255119667175
-0.37847998671329836,1.027980979316558,0.8301923245380134,0.1085995085995086,0.7837837837837838,1.0426380776699407
6.730166675515221,6.7335876753647925,0.9067050953225422,0.30073710073710075,1.0,1.2247266986244703
-0.7503497529287757,1.0364341138726625,0.757233476330028,0.0886977886977887,0.6486486486486487,0.9230816499434555
-3.123939829532131,3.146489345653076,0.741070835255615,0.04914004914004913,0.4594594594594595,0.8770307850150029
-0.3309497164407361,1.0316609883861838,0.9237889097556017,0.1257985257985258,0.8918918918918919,1.1823934887026828
1.3699497072443312,1.8258260761799405,0.931627999520624,0.14275184275184274,0.8918918918918919,1.1177495820681134
-1.2128216766976627,1.315226616201596,0.7730592313813784,0.0714987714987715,0.5675675675675675,0.933220257263658
2.5145943032385163,2.5586316012043855,0.8173440592745493,0.1356265356265356,0.918918918918919,0.9840908545953453
0.4140976591212193,0.9142816865310827,0.8527920909489188,0.09606879606879605,0.8648648648648649,1.0284205004821587
0.8236321120855408,1.132184562543942,0.7989972076879308,0.08402948402948401,0.7837837837837838,0.8867682685135794
-6.047921518338758,6.094448745937415,0.646040656793436,0.012285012285012284,0.13513513513513514,0.6075650468914976
-1.5987083787085843,1.7359719840938952,0.8295338222526855,0.07395577395577395,0.7837837837837838,0.9131638682531223
1.0530529291601705,1.2049092395526246,0.7650961948079357,0.06879606879606878,0.5405405405405406,0.8413944071284477
1.1027239547119942,1.288247002171849,0.8013665395719057,0.10589680589680588,0.7567567567567568,1.0034660085186389
1.521053623406298,1.8699870306017687,0.858686099516698,0.13046683046683044,0.8918918918918919,1.138531713601218
-2.972361777592386,2.9928642015408373,0.7025909394737816,0.034643734643734644,0.32432432432432434,0.7635868732837964
-5.2672473628949295,5.46843656287083,0.6208209496955761,0.027777777777777776,0.2777777777777778,0.5986882331143984
-1.5102259260787605,1.6995785278174071,0.784777849327114,0.07125307125307125,0.5945945945945946,1.0031083278421395
1.373544085030766,1.615112666599348,0.8738340612986256,0.17739557739557738,0.972972972972973,1.1166394336704453
-1.592200187377385,1.6703633135831388,0.7247225453403238,0.03931203931203931,0.35135135135135137,0.8643748701150716
-1.5530149736711725,1.7513297134479309,0.7673216817385522,0.07862407862407862,0.6756756756756757,0.9582376309831094
1.9612665010786154,2.0400582475555877,0.8368492933095968,0.09852579852579851,0.7567567567567568,0.9340804469673347
2.4073390488521804,2.491156597445824,0.9305931479653027,0.14766584766584764,0.918918918918919,1.10411247794735
1.3873993987392435,1.4991235546021346,0.798543852601201,0.08624078624078622,0.7297297297297297,0.8359045893448924
-0.42684680553362037,1.011726286890492,0.800379663568454,0.10343980343980343,0.8108108108108109,0.9398212937960572
0.922954306298847,1.4049675817402039,0.9148013447224009,0.10098280098280096,0.8648648648648649,1.0670068554276442
1.1459157971423133,1.2311543760051145,0.8101146750520621,0.11572481572481573,0.7297297297297297,0.9638550467036727
1.1181148731018218,1.5314129900711855,0.8564567590519147,0.1528255528255528,0.918918918918919,1.0799076419038434
0.6360691217591324,0.9371170950291338,0.7712415133171717,0.07862407862407861,0.6216216216216216,0.8959725026117761
-1.2531060773083322,1.9353078929718965,0.7140772865528267,0.0515970515970516,0.32432432432432434,0.7372792689220107
2.089676665780385,2.1525783327534813,0.8696038365836596,0.17002457002457,0.972972972972973,1.1753934371846808
-0.12215625512367118,1.1040268739306183,0.752272124856301,0.04668304668304668,0.5135135135135135,0.8966272125071163
-3.5138369863500483,3.5138369863500483,0.7427724178424849,0.039312039312039304,0.3783783783783784,0.8854662861432114
3.516402716647076,3.5850511445165516,0.8269893587494652,0.19975429975429973,0.9459459459459459,1.0638736521992056
-4.225041250080357,4.387636841047524,0.7533710675973669,0.05405405405405406,0.4864864864864865,0.801512074766384
2.899552953583872,2.9667684251924427,0.9344745029479294,0.1402948402948403,0.9459459459459459,1.1719745177737217
-2.092811282745912,2.235918610143183,0.8245266938228258,0.08869778869778869,0.7027027027027027,0.9900078894915868
-0.20822149711872426,0.9316045705506599,0.7767082872510338,0.06658476658476657,0.5945945945945946,0.8939963019586772
-0.5159117116901808,0.9924829388377578,0.7968723538160146,0.09828009828009826,0.7027027027027027,0.9604557757879951
3.3060804760122697,3.3060804760122697,0.8343658507567688,0.12555282555282554,0.8648648648648649,0.989812019191626
-2.925575135320315,3.2352704086873763,0.7567141271476933,0.06388206388206387,0.4864864864864865,0.8145587393390232
0.8480610821878931,1.2400809687986463,0.8715167333717556,0.11572481572481572,0.8378378378378378,1.0457015427125778
-1.8756471629772113,1.9214423058837444,0.8547492974106702,0.1111111111111111,0.8888888888888888,1.105660820416957
-4.327154696307783,4.336105289284082,0.7126015147502965,0.0343980343980344,0.2972972972972973,0.7790695867204785
1.5754114192664181,1.778478018703649,0.790122517602362,0.10589680589680588,0.7837837837837838,0.9744561871747182
2.027803454957893,2.0919733442054027,0.7928724286255128,0.09582309582309581,0.7027027027027027,0.9065927230232971
-2.3632752362032172,2.6268696162782432,0.8375324527647893,0.09595959595959595,0.8611111111111112,1.038654894403115
3.832859731580115,3.8763275755052535,0.8187721669478493,0.14496314496314494,0.8108108108108109,0.990111911311466
-0.12318754114789354,0.7672638680632043,0.7586776112475171,0.07616707616707616,0.5945945945945946,0.9608954640672678
-0.8257867444839555,0.940371504068106,0.9003173780597119,0.07886977886977886,0.8108108108108109,1.0197717186423632
-0.1138134402182119,1.1056712176056818,0.8418721551182708,0.10589680589680589,0.7837837837837838,1.0519085880017904
0.024875607490362564,0.8607855620442856,0.8259151758650972,0.12800982800982802,0.918918918918919,1.0554349191546917
-0.06346960162967918,0.7985242211172714,0.7992903647418512,0.08132678132678132,0.7027027027027027,0.8806922985110717
-2.9794705924006406,2.983921603234947,0.7522686060999382,0.049385749385749377,0.5405405405405406,0.7793090359138237
1.6747893293019067,2.1761681560892767,0.8259285522554397,0.12309582309582308,0.8648648648648649,1.0794236768651275
1.4150914215536665,2.123914009450492,0.8228982689032898,0.09361179361179359,0.6756756756756757,0.9265780587924983
0.948299743004239,1.5472566544368653,0.7489360850751249,0.04668304668304668,0.4864864864864865,0.8058547848584137
-3.644309316308684,3.644309316308684,0.8414501514645797,0.09848484848484847,0.8333333333333334,1.0674557757860608
-0.24499868758616294,0.9348926076987959,0.7537375314662189,0.05184275184275185,0.4594594594594595,0.9233151661697537
-3.1748802670248732,3.1748802670248732,0.7643653405992367,0.05429975429975429,0.5945945945945946,0.8849770992744097
1.2911077796202977,1.4822453464490064,0.8233644670003877,0.08845208845208845,0.7297297297297297,1.0019877405765416
0.5731671522906985,1.1290019777724747,0.7478728270599567,0.05405405405405406,0.5405405405405406,0.8961125944662635
1.4625637632839896,1.6193946966901538,0.844436761394023,0.14275184275184274,0.8918918918918919,1.0115921862826613
-4.435008429505116,4.435008429505116,0.8820305904696224,0.07323232323232322,0.8055555555555556,1.0470699236594847
-0.9284159716449334,1.1734556448484994,0.7261166885529619,0.02948402948402948,0.2702702702702703,0.8306141949571593
2.7180795153251007,3.185101728365903,0.9307274003239301,0.23169533169533169,0.918918918918919,1.3727838559121168
-2.9267894891597033,3.1382551097847347,0.7293327363391203,0.04176904176904176,0.43243243243243246,0.7998759525734926
-3.041564462397511,3.041564462397511,0.7537056041357769,0.059213759213759216,0.5405405405405406,0.8914642399946617
-3.2297969743340023,3.267131891906334,0.7837151055476195,0.061670761670761666,0.6216216216216216,0.8091026796661185
-2.4353244947302275,2.4353244947302275,0.6747628645797534,0.017676767676767676,0.19444444444444445,0.766718780459864
-0.8675909892961398,1.171829918589582,0.8164841969031784,0.13046683046683044,0.8378378378378378,1.108985433050821
1.186672568651799,1.7613684663437417,0.931589659409185,0.16756756756756755,0.918918918918919,1.2612432890884868
1.2102703652485924,1.4430419237045065,0.8298518322050833,0.15257985257985257,0.918918918918919,1.0903091159684515
0.6141899489198143,1.6292076222252156,0.7745141784096923,0.0909090909090909,0.5675675675675675,0.8923289094768208
-3.2128636967164885,3.364234809138291,0.658400990080619,0.019656019656019656,0.13513513513513514,0.7406322696916743
0.1285353318221131,1.1284789736439524,0.8142231038881356,0.10835380835380834,0.8108108108108109,0.9425962172486074
2.0635029245240317,2.2600819722488574,0.8013723255282678,0.10589680589680589,0.8378378378378378,0.9384050726460168
-1.576409359707294,1.7761564999945456,0.8256418067383378,0.09606879606879606,0.8378378378378378,0.9492847006440273
0.827728200231822,0.9650895842862768,0.8028199174053274,0.0886977886977887,0.7027027027027027,0.9493430387348661
-3.7846517518047036,3.8023682416391904,0.6608196719152459,0.00737100737100737,0.08108108108108109,0.7256155243027891
-0.5416543119482827,1.0651747455403076,0.8055900109133756,0.09115479115479114,0.7027027027027027,0.9683883452479595
-1.0782192047391739,1.2097272383196795,0.8377304004971163,0.09115479115479114,0.8108108108108109,0.9867778386745617
-0.6726561743016493,0.9975055925135824,0.8623124800034272,0.13316953316953314,0.972972972972973,1.0917672759156567
-2.0306995361808062,2.1261544115908153,0.7525768468303934,0.04938574938574938,0.4594594594594595,0.8588507100282813
0.20990207150418824,0.9838956616315265,0.8507246623774947,0.15012285012285007,0.8918918918918919,1.1050515392232358
-0.3164008751957126,0.8297933668003001,0.7970633285502192,0.08353808353808352,0.7297297297297297,0.9270444973157687
-2.0329025825617175,2.0329025825617175,0.7579290234890746,0.05405405405405404,0.5405405405405406,0.9014540045386784
-1.5212613024025168,1.5598365545261277,0.6935674501832333,0.024570024570024572,0.2702702702702703,0.6990112072824811
-2.1832443384043634,2.249071217319224,0.7318959982921764,0.036855036855036855,0.3783783783783784,0.8100630179324264
-0.585169501593268,0.9222157605053651,0.7396823993505426,0.0515970515970516,0.4594594594594595,0.8592244131225959
-1.1920180759649637,1.752810402110419,0.8098941223984447,0.11081081081081078,0.8108108108108109,1.0778921267487673
1.4021012144827494,1.5647582236247881,0.9420667757743199,0.16756756756756755,0.972972972972973,1.2480293596656644
2.2302334521785085,2.340913477493701,0.933554037934125,0.1722358722358722,0.9459459459459459,1.259763823294264
-5.155234262991063,5.196057734885963,0.6201595818250988,0.02948402948402948,0.24324324324324326,0.6330888829750508
1.9756764375537006,2.287151522063241,0.7704463785816971,0.06658476658476657,0.6216216216216216,0.8557793958078872
-6.6912132441619985,6.794532621052804,0.5586552215063041,0.00737100737100737,0.05405405405405406,0.5020523185001405
-0.1956324215737033,0.8163532026369673,0.7540001888759461,0.05405405405405405,0.5405405405405406,0.8488848907641717
-1.3777946288471332,1.3959878932913372,0.8536543271344317,0.1108108108108108,0.8648648648648649,1.0199264024800123
0.8575336582076862,1.2372908768522912,0.7890542899788893,0.09828009828009826,0.7027027027027027,0.9815528668184536
0.9235327490601706,1.2260150923316604,0.8306104401661184,0.12334152334152333,0.8378378378378378,1.0049512808571515
-0.2933231240940141,0.9618096362135838,0.8051021679876863,0.09582309582309581,0.7297297297297297,1.0279023354779349
0.010330152447705191,1.1575022248285314,0.8623806917505197,0.14275184275184274,0.918918918918919,1.1227936557244858
3.4577087517590512,3.6082663958182986,0.9284908560411888,0.20221130221130218,0.9459459459459459,1.239670286534845
-1.1238791903561753,1.362701795328865,0.7424280563315389,0.03685503685503685,0.40540540540540543,0.721313810077203
1.641462745766975,1.8229921844351498,0.7761392973669491,0.08353808353808352,0.6756756756756757,0.8400507251685052
-0.6627848483369319,1.1817857617831953,0.7456818797048401,0.04668304668304668,0.4594594594594595,0.7936950837943579
3.0808373238561995,3.0821234670543602,0.8825237868086904,0.17469287469287467,1.0,1.1771596079622455
0.8655683956251796,1.213375040445755,0.8551732337362203,0.11326781326781325,0.9459459459459459,1.0678588112413014
-0.4070496643803529,0.7845292670375098,0.8054714051042982,0.10098280098280096,0.7027027027027027,0.9866757800086929
2.946057868398753,3.015167202747544,0.821361251610831,0.1452088452088452,0.8918918918918919,1.0367683367908307
0.02504211755061641,1.1636266667105881,0.8113012879866824,0.0985257985257985,0.7567567567567568,1.0262993154322095
1.4851576343593056,1.598472938916998,0.816923511624254,0.13046683046683047,0.9459459459459459,0.9921278846440768
-3.787776942697014,3.8109407094322094,0.7036860198806193,0.022113022113022112,0.24324324324324326,0.7297841302000525
-3.395642269043729,3.598504906665178,0.7396710788218765,0.059213759213759216,0.4864864864864865,0.8339327812753429
-2.6825193320553984,2.7991894460469413,0.7050549734869122,0.02948402948402948,0.2972972972972973,0.7463823056008058
3.0013190026435055,3.3209480022969227,0.8839360279732713,0.17248157248157245,0.8918918918918919,1.1423348220263132
3.732916144880964,3.8224243683177583,0.8597733197172388,0.16265356265356265,0.9459459459459459,1.040510577046205
-0.7738814031699216,1.1315971537276948,0.7993959692036912,0.0764127764127764,0.7297297297297297,1.0215467483285725
3.593212707630988,3.593212707630988,0.8558366418794081,0.17739557739557738,1.0,1.0697782767896782
-2.680696589469223,2.771325984301935,0.7243263752681186,0.0404040404040404,0.4166666666666667,0.7997053312591116
-1.0104103845022812,1.2561316487972083,0.785772509754523,0.07616707616707617,0.6486486486486487,0.9434112948039743
1.0213905326059758,1.12709065360959,0.7992339643887649,0.10565110565110564,0.7297297297297297,0.9689259220207825
1.8520585514190195,1.9159784758723726,0.8389688662976594,0.1574938574938575,1.0,1.0655680823835898
-3.005244904933072,3.027498735222507,0.7080853040976504,0.03931203931203931,0.35135135135135137,0.7694705273848117
-1.9190112977857148,2.0647464546114445,0.7516369607923267,0.04668304668304668,0.43243243243243246,0.8296355597306635
-2.365819866643273,2.4776997870799162,0.7984832220517901,0.07149877149877149,0.7297297297297297,0.9533000248080735
-0.02708303608231592,0.8363393904500177,0.7782059070017073,0.06904176904176904,0.6756756756756757,0.8891519665481911
0.5266613631796461,0.8146662675939893,0.8259538087715288,0.11105651105651104,0.8378378378378378,0.9603478014639543
2.251681669690359,2.251681669690359,0.8181812544708144,0.12063882063882062,0.8648648648648649,0.9732833640115099
-0.07218199984912586,0.726802705999491,0.8046982901409533,0.0909090909090909,0.6756756756756757,0.9978456668765321
0.7747358210158894,1.4077843896656164,0.730160172208794,0.03685503685503686,0.32432432432432434,0.7972184097094858
3.8856205655326126,4.117516304013085,0.9307210016380599,0.18476658476658475,0.972972972972973,1.189297609978976
5.784231625880185,5.804155492232623,0.9499006547363062,0.22432432432432434,1.0,1.159907219212883
2.7598246479182174,2.813797166111784,0.8419228828640026,0.14520884520884517,0.9459459459459459,1.056009378004385
1.101311913462596,1.3884956086091313,0.7994005647267985,0.10319410319410317,0.6756756756756757,0.9957655057480028
-0.7101167139546682,0.9011233381605389,0.8709506044108292,0.1329238329238329,0.972972972972973,1.1016103759554714
4.313299388615962,4.386234195544545,0.8997792157857263,0.19975429975429973,0.9459459459459459,1.129667683074199
-3.177524683734424,3.302347544642044,0.635227960854,0.02948402948402948,0.24324324324324326,0.6128237161755052
0.6114908759070574,0.9174353055347193,0.8057102123994924,0.09828009828009826,0.7837837837837838,1.025556712332183
0.5296595195680085,1.151999424285099,0.8757816501461825,0.14545454545454542,0.972972972972973,1.2001038776815827
1.5282991960050956,1.5841407064588857,0.8577747317783132,0.12334152334152333,0.8918918918918919,1.0119507431428936
5.559209525056573,5.559209525056573,0.8482861682150822,0.19189189189189187,0.918918918918919,0.9628189185925645
0.917274907534493,1.099184859335502,0.811482550105871,0.10101010101010101,0.7222222222222222,1.0388673633915653
-2.8701526035586413,2.9587112478482718,0.7865298197114114,0.06658476658476657,0.7027027027027027,0.8544416182910823
-0.3152579863089259,1.4653423238999217,0.9273594614141645,0.11326781326781325,0.8918918918918919,1.0897076457588428
1.6347547618465024,1.7297494325140743,0.8628078928630591,0.19213759213759213,0.972972972972973,1.2041299598548814
-3.805237434568113,3.805237434568113,0.749068576739686,0.04668304668304668,0.4864864864864865,0.7924259036284823
-0.07628359878408994,1.052355315615541,0.8189857123824407,0.11105651105651104,0.8918918918918919,0.9640123364081274
0.43157289623880696,0.897696019879228,0.7854812787443842,0.08132678132678132,0.6486486486486487,1.0005448613110446
2.8363197532573468,2.994925102656141,0.8189746642509417,0.13808353808353807,0.8918918918918919,0.953865052514785
0.12161646694709155,0.8972229614099257,0.8518224887549595,0.11597051597051596,0.8108108108108109,1.0698558113908414
-1.5065392772435349,1.5625531286412198,0.7421801441169381,0.04668304668304668,0.4594594594594595,0.8991571092171687
-1.2232264187717936,1.288138454767508,0.831617722683102,0.13046683046683044,0.918918918918919,1.1130730041429422
-3.6036414617202044,3.7308810647387594,0.6457126105431801,0.01474201474201474,0.10810810810810811,0.6162549548837153
-3.8728776212080005,4.056858781909868,0.6827695550212421,0.031941031941031935,0.2702702702702703,0.6688733770851055
-2.7318876349244037,2.7318876349244037,0.7791577369339183,0.06142506142506142,0.6486486486486487,0.8772545545638887
0.2802333165671019,0.7603947551978518,0.8175342711003695,0.08869778869778869,0.8378378378378378,0.8833501525903836
-0.7068867965341511,0.8578933300539874,0.7460274875996543,0.039312039312039304,0.43243243243243246,0.7399908668808277
-2.106349432945606,2.106349432945606,0.7128071933221162,0.02948402948402948,0.32432432432432434,0.7331892684203336
-0.7232553694228558,1.001421018420149,0.8449231434135935,0.1329238329238329,0.918918918918919,1.1073356534397436
-0.5501035841779018,1.125501317895845,0.7526928229068034,0.059213759213759216,0.5405405405405406,0.7779745380176254
0.6938922687388489,1.255521852430459,0.9116561205217629,0.09606879606879605,0.8648648648648649,1.0933276036642525
-0.9948507245059917,1.1806619131354776,0.7965856856699892,0.06658476658476657,0.7027027027027027,0.8801983843193374
1.1750644764950962,1.4716892936381563,0.818904064647792,0.128009828009828,0.8378378378378378,1.0865104784481892
-0.9132724813681116,1.313639850841015,0.8023903611498882,0.09877149877149877,0.7837837837837838,1.0028853773164963
0.603350492241069,0.9560245416988404,0.8486102984820739,0.09606879606879606,0.8378378378378378,0.9915203337517011
-1.5317695136578093,1.9423860274241695,0.7294860253864517,0.04914004914004913,0.43243243243243246,0.7911102917936864
-2.098891859742362,2.34618009281197,0.7004392991528995,0.0343980343980344,0.2972972972972973,0.7562216650333358
1.124640885838803,1.1579779258788827,0.7698366955012996,0.06633906633906635,0.6216216216216216,0.8597246139845683
-3.3792067590612507,3.3897641674628276,0.7405363105204901,0.031941031941031935,0.35135135135135137,0.8169329528867728
-0.6151438480894386,1.2933165343818789,0.9199106723114334,0.11363636363636363,0.8888888888888888,1.1839886440643623
4.111626192245727,4.111626192245727,0.8629668838539905,0.21941031941031938,0.972972972972973,1.0874533544340055
-1.5909219204740048,1.610901147314061,0.8494781163390694,0.09852579852579851,0.8378378378378378,1.0177532766312314
-3.2802960811239865,3.3191130011341343,0.6761142385380723,0.02948402948402948,0.32432432432432434,0.6659173940664933
0.7498480133465597,1.432642285687008,0.8888069122199009,0.17493857493857493,0.8918918918918919,1.227003078401171
1.5303012188721594,1.7349399684660565,0.8915492524776917,0.15528255528255527,0.918918918918919,1.0951857395366615
1.4887345490045514,1.7486190229960692,0.8203904628811899,0.12334152334152332,0.8648648648648649,1.0638328927783032
1.3445487412455848,1.5696537217765563,0.8285187125143891,0.14545454545454545,0.8378378378378378,1.0487880996258816
-5.4637054486308685,5.543277896774745,0.6857398720389418,0.0171990171990172,0.16216216216216217,0.7109939775779937
1.5367221913080307,1.8231299403223122,0.824435945421573,0.12825552825552824,0.8918918918918919,1.050623442113074
2.569743996282888,2.6286584082032753,0.808196822224918,0.1302211302211302,0.8648648648648649,1.0841603267628597
1.907501058334845,1.907501058334845,0.8925169865870162,0.15036855036855035,0.9459459459459459,1.094079549827958
0.7313052360602996,1.1867078468701984,0.9172114451274019,0.11572481572481569,0.8378378378378378,1.170905459860031
4.785909598685676,4.881464095668744,0.8887247591724845,0.19975429975429973,0.918918918918919,1.0848697776658431
2.758891596977983,2.8690591160740735,0.8677407528212582,0.1899262899262899,0.918918918918919,1.1076245092938493
0.604752562874391,1.1135170944701205,0.8343327059170551,0.07886977886977886,0.7027027027027027,0.9534919711701685
1.2597406856306912,1.4935990546292097,0.8641024031652522,0.13783783783783782,0.972972972972973,1.1015999395672644
-2.743644252772423,2.743644252772423,0.8343794502019243,0.06904176904176905,0.7567567567567568,0.9577033370318118
1.837091685545609,1.870179343218593,0.8251721454654984,0.12285012285012284,0.8918918918918919,0.9872289268997386
-2.876718198219929,2.9466249746524102,0.7251717772004728,0.03685503685503685,0.3783783783783784,0.7976866960481787
-1.3890207592895591,1.6857519852181153,0.7447577620481458,0.05405405405405406,0.3783783783783784,0.8978111513426941
0.5125701433890116,1.0041239370517527,0.814993548965823,0.10565110565110562,0.8378378378378378,1.0417411540347505
-2.7142033916414756,2.857027629275646,0.7778236932211328,0.0714987714987715,0.5945945945945946,0.8911933989670126
-1.182194846144657,1.2626871843700014,0.7359980906620661,0.03931203931203931,0.35135135135135137,0.8332933736314233
-2.9909130653279825,3.174706230388604,0.7053124203840259,0.02457002457002457,0.24324324324324326,0.6768016493469647
1.0587328051733098,1.2922967532807612,0.8257835441347382,0.1577395577395577,0.8918918918918919,1.0987439772379068
1.2732294689640462,1.3923744920326915,0.829687097685485,0.1555282555282555,0.8918918918918919,1.075121842448069
-6.117180518919289,6.212242320052517,0.6426814090736138,0.01474201474201474,0.13513513513513514,0.6436318229951028
1.2575300209488705,1.5267330757492963,0.7736001314738491,0.09361179361179361,0.5945945945945946,0.9052859868016752
2.31461585085181,2.31461585085181,0.8251718548447462,0.15036855036855035,0.972972972972973,0.988759147875164
2.5847049031310796,2.635192396835965,0.8607538891860635,0.14545454545454542,0.8648648648648649,0.9764724826280095
-1.5830567928486248,1.645568753746521,0.7462585083879129,0.04176904176904177,0.43243243243243246,0.8894944620405068
-2.664204472278508,2.7234149483994807,0.7391470775182799,0.05651105651105651,0.5405405405405406,0.7909649726271107
1.8031474460442596,1.8543056172786323,0.8127607832123246,0.15012285012285012,0.9459459459459459,1.0776977809748125
-4.174868101429012,4.222818927951267,0.7467979748720699,0.044471744471744463,0.4864864864864865,0.829832663836603
-2.7355269156702455,2.8645686376884627,0.7384423759755758,0.04668304668304668,0.4864864864864865,0.7973599508319742
-1.8137718596369687,1.9685602568088278,0.760806642057489,0.05675675675675676,0.5135135135135135,0.8636080537281599
-1.3804959462009836,1.5469645214334409,0.7600646626000718,0.044226044226044224,0.4594594594594595,0.8856252537868228
1.7547168392336001,2.3549280634627445,0.8619432572922283,0.16019656019656017,0.8918918918918919,1.1638813588978514
-1.1437681651666456,1.262664683234679,0.8192577515229309,0.11572481572481572,0.8918918918918919,1.02343567929021
0.6010417350303735,1.0572236277615197,0.8379751441838325,0.07886977886977886,0.7027027027027027,1.026976743356348
-3.3543779762840282,3.3543779762840282,0.6895669059747553,0.0171990171990172,0.1891891891891892,0.7497750129226494
-1.4564017389910913,1.632867414890402,0.8371002836082114,0.12088452088452088,0.9459459459459459,1.0716799181717918
4.403144315279485,4.577439003726895,0.930546042907763,0.21449631449631448,0.918918918918919,1.2552091673256773
-3.907686873641531,3.9385616448604717,0.6479944307692771,0.009828009828009828,0.08108108108108109,0.5995222523609266
-1.0029273496643876,1.3054367319927875,0.7793259595359194,0.0687960687960688,0.5945945945945946,0.9364473428777218
1.394578647876248,1.6290171349381843,0.8181884220700242,0.10589680589680589,0.8108108108108109,1.0290845825027908
0.4108805843734087,1.093974504250071,0.838825305433075,0.09361179361179359,0.8378378378378378,1.010298646538312
4.012628974506238,4.094715003020838,0.8666682242015279,0.17002457002457,0.972972972972973,1.0032981267456118
3.0567442041364723,3.2697546846612853,0.7952748409491914,0.10343980343980341,0.8108108108108109,0.8389298549737524
-3.666530814107627,3.745443883744699,0.6498315927776874,0.004914004914004914,0.05405405405405406,0.6378884080519416
-1.1693024389671838,1.708916965019177,0.7952510480331121,0.07395577395577395,0.5405405405405406,0.9593083072718461
-1.6967549084584896,1.8454837884309168,0.7915752876721392,0.07886977886977886,0.7027027027027027,0.9400192663657102
-1.9633156211334462,1.9633156211334462,0.747461552471188,0.06388206388206387,0.5135135135135135,0.8702762898532092
-0.4432658044268241,0.9894812313066562,0.8137518412813797,0.10614250614250613,0.8378378378378378,0.9451193634816769
3.1322363502190496,3.152664536763941,0.842655668365866,0.16486486486486485,0.8918918918918919,1.087002773026861
1.363126855561589,1.7366358801560342,0.9112583431057094,0.1329238329238329,0.8918918918918919,1.0906585690929793
3.565371867358025,3.565371867358025,0.9009638551229439,0.20712530712530708,1.0,1.1678026777204844
-2.179504795282637,3.029386179515609,0.7954147065171459,0.12088452088452088,0.6216216216216216,0.9914615945620587
-1.1246918395319672,1.3442542400626114,0.7708136316171307,0.06879606879606878,0.6486486486486487,0.9073289762144222
3.1781457111529514,3.198077767513579,0.8950480099691994,0.16265356265356265,0.918918918918919,1.156577772763019
-1.9287361370724119,1.950448790023569,0.7453076788629867,0.04914004914004913,0.4864864864864865,0.811716165201327
-1.49841027301101,1.661620563418376,0.6868048339388845,0.012285012285012286,0.13513513513513514,0.7345418978204658
1.3085355842295,1.3509534661033296,0.8601277913708038,0.17739557739557738,0.9459459459459459,1.2328010386314447
0.18532620602960892,0.6834497529155147,0.7578322210748036,0.05405405405405405,0.43243243243243246,0.8144715233737326
-3.2419003603894905,3.250060032120591,0.6941944691437065,0.01474201474201474,0.16216216216216217,0.7224358592726692
-2.780277112520229,2.9648984822250917,0.7845689367416759,0.06142506142506142,0.5675675675675675,0.8540006171997526
-1.6252942891666,1.6857854602813829,0.7226944613895506,0.02702702702702703,0.2972972972972973,0.8664633355676491
-0.0678293865254789,0.8669021249529165,0.7722061022972483,0.0737100737100737,0.6756756756756757,0.9183393628686278
-3.3939926793768422,3.4594234111290025,0.7411244057796277,0.04422604422604422,0.4594594594594595,0.8571879876429661
2.174685217228657,2.175184111975125,0.8186073737680849,0.1574938574938575,0.8648648648648649,1.016629470082613
0.6200998684112289,0.9206494294684028,0.8297363511288849,0.08624078624078622,0.7837837837837838,0.9400923689130857
3.4791301366692697,3.4791301366692697,0.9500108686714139,0.17002457002457,0.972972972972973,1.1981947638915396
-0.9744232253175187,1.0349786262998988,0.7015553563236104,0.024570024570024572,0.2702702702702703,0.7428141031662423
1.3235683011123531,1.4866500903421396,0.835013884193583,0.08869778869778869,0.7837837837837838,0.9715586542430417
2.040972424837905,2.056432750003978,0.7956244062920633,0.1108108108108108,0.7837837837837838,0.8982814278625302
0.6501038211475291,0.9573278898964409,0.7901110029296692,0.10835380835380834,0.7837837837837838,0.9866636013000618
-3.241038491626184,3.241038491626184,0.7050233496930617,0.01965601965601966,0.21621621621621623,0.8076639784699425
0.36868082884896963,0.7662024349017108,0.8589508474755158,0.13562653562653562,0.8918918918918919,1.1405417884321936
-1.1098059079879865,1.1655485595432018,0.8334045346582041,0.09852579852579851,0.7837837837837838,1.0521191036293722
0.35048168524619205,0.8342645458596705,0.8070538249011281,0.11793611793611793,0.8648648648648649,1.0615622808753933
-1.1935945046746526,1.5138715617114378,0.8256465852732496,0.11572481572481572,0.918918918918919,0.9990901260857781
4.2366410458539665,4.252170972812465,0.9618303527057135,0.21203931203931203,1.0,1.2800562387786798
3.533581060340812,3.725853454740446,0.8258038381864701,0.11842751842751843,0.7837837837837838,0.9304775001843016
-1.1425670547488445,1.2469282744786292,0.7345683511450775,0.0343980343980344,0.32432432432432434,0.8280927466155966
-3.202451364171334,3.3269764817531744,0.8347736985910883,0.07886977886977886,0.7837837837837838,0.927926690572751
7.661791884084229,7.727993391714308,0.9602634977846439,0.243980343980344,1.0,1.1734246342300423
2.4607166596023737,2.4924122002264864,0.7907859550683624,0.12063882063882064,0.8378378378378378,0.9683487964727046
-0.40549206736077875,1.3083811296601002,0.7675206147294947,0.07862407862407861,0.5135135135135135,0.8066610031647099
-3.97940967131782,3.9930596494525505,0.7403541573358666,0.05555555555555555,0.5277777777777778,0.8123063422677907
1.7098815380768897,1.8079721569611626,0.8439074273979231,0.15995085995085995,0.972972972972973,1.0504498263648845
2.386934097932112,2.648850271780266,0.8622286697074114,0.17985257985257982,0.8918918918918919,1.1910745739227528
-1.3967156231079456,2.317068927901345,0.794956521775425,0.11056511056511056,0.7027027027027027,0.9906715290345998
2.327362292293644,2.616559333448612,0.9221832948848909,0.18968058968058965,0.918918918918919,1.2041232793344296
1.1818294840649308,1.5397174886389722,0.9438600510871351,0.16019656019656017,0.972972972972973,1.2767232867310228
0.864877920596983,1.3105377886384892,0.8118240803264047,0.15528255528255527,0.8648648648648649,1.0781178187051907
-2.3706077248768938,2.4087974211545724,0.7497599590804254,0.03685503685503685,0.40540540540540543,0.8382957690327701
0.9769855964941885,1.519716681012826,0.8472104690872005,0.14054054054054052,0.8918918918918919,1.0832700942394045
0.028405558074565053,0.9412104005213943,0.7921935410470966,0.08108108108108109,0.6216216216216216,0.9378785697300108
-2.689367831353957,2.812488893875771,0.7614502883083801,0.059213759213759216,0.5675675675675675,0.786891916200102
1.4781993672065716,1.648969756101315,0.9214578208384394,0.12825552825552824,0.918918918918919,1.1230680939012836
-4.935935457487959,5.107040899664829,0.6244495091283407,0.031941031941031935,0.32432432432432434,0.6159550509547222
0.9531223607553727,1.1591128314554215,0.8579577916966973,0.16019656019656017,0.9459459459459459,1.117882512588403
4.111270665444554,4.131979282122289,0.8591079755053627,0.16756756756756755,0.972972972972973,1.001491212729487
3.689321716456393,3.729409382972631,0.8353392273457398,0.1425061425061425,0.918918918918919,1.016433032799117
-4.572928108661793,4.6514720965272085,0.6728286964820152,0.012285012285012286,0.13513513513513514,0.659748526395579
-3.652525112400529,3.6537305452100806,0.6975231977449154,0.024570024570024572,0.2702702702702703,0.7962781295143284
-1.630435712851252,1.7412998840644052,0.7509944889631693,0.05651105651105651,0.5405405405405406,0.8789735877672509
2.507760864244043,2.539699472611223,0.8217926634928208,0.12776412776412774,0.8918918918918919,0.9591160817115039
1.4719698733983435,1.5193659808317783,0.8835198408275521,0.21449631449631446,0.972972972972973,1.2547927107709493
2.530186808288784,2.7065891791626275,0.8221467784023577,0.10835380835380834,0.8108108108108109,0.8861936113467298
-1.4279857769252655,1.455248078470176,0.8190489625492922,0.11351351351351349,0.7837837837837838,1.0245263524790367
4.158623896535449,4.158623896535449,0.9083765354218538,0.243980343980344,1.0,1.196631773178398
0.8105244217441552,1.3732656617933532,0.8174320907807558,0.10859950859950858,0.7567567567567568,0.9507634455679855
-0.8570812697144066,1.2287956387052041,0.8029120803232105,0.07886977886977886,0.7567567567567568,0.8908765915562692
3.2331005471930006,3.2331005471930006,0.9566187949408042,0.2142506142506142,0.972972972972973,1.3021214322702834
-2.291671701317165,2.4494360510566016,0.9018052367548579,0.10098280098280096,0.8648648648648649,1.0747617416384374
-0.4956291024647836,1.3725736450943835,0.9079600056573041,0.10343980343980343,0.8918918918918919,1.0900508698821003
2.5416281985803013,2.565251901132575,0.8111951037140622,0.1108108108108108,0.6756756756756757,0.9485602156240502
-1.6255508340995901,1.6531674316155334,0.7497224876844215,0.04914004914004913,0.4864864864864865,0.8629893736263443
1.34321984671609,1.6969196826422723,0.8338619102489603,0.11597051597051597,0.8648648648648649,1.0805336198128082
1.5582870631862635,1.8096026944952641,0.7991985249986432,0.11326781326781325,0.8108108108108109,0.9765852129707726
0.39083494509160327,0.9139254801150247,0.8201878866452623,0.12555282555282554,0.8108108108108109,1.034042880344104
-0.2988782997139802,0.9711138302125203,0.7722389827183086,0.06142506142506142,0.5945945945945946,0.7965355613283446
-1.372583936588129,1.4192486730392921,0.8627532707959726,0.12088452088452088,0.918918918918919,1.1215391453512036
2.329481814173489,2.329481814173489,0.8255356623411361,0.14545454545454542,0.8918918918918919,0.9428940415043645
-2.323037250329416,2.4388089969879565,0.857200334278018,0.10343980343980344,0.8648648648648649,1.061934066437886
-6.984939064742739,7.044160230481761,0.5661927736356673,0.005050505050505051,0.027777777777777776,0.49392010678332254
-1.277016951488867,2.1359499914640914,0.8011443719292815,0.0909090909090909,0.6216216216216216,1.0215612615053113
-1.2280946374106343,1.4633182146169739,0.7324911876316389,0.04176904176904177,0.3783783783783784,0.8236961711742931
0.25141242774623296,1.1461323586417773,0.8788250319080074,0.18746928746928745,0.9459459459459459,1.2523815933366156
1.044169955441037,1.1692797487424442,0.7811903889321619,0.08108108108108109,0.7027027027027027,0.8723698842863048
0.15502929784302402,1.0650592872116111,0.8644456559623939,0.12555282555282554,0.8648648648648649,1.0910976293500592
-1.8818991455379879,1.911928415703278,0.7757321830686097,0.05896805896805896,0.5405405405405406,0.9503156638979272
3.3466046245394083,3.4162438881072434,0.8752158643102745,0.16019656019656017,0.8648648648648649,1.133139884893722
0.26882976731177494,1.2530169032169607,0.8112094938027498,0.1108108108108108,0.6756756756756757,1.007650555604744
-1.4716501814321163,1.9839191882772054,0.7602490516632194,0.06142506142506142,0.5675675675675675,0.7971746678433409
-1.747005160751909,1.7533573112218972,0.7386877150899995,0.03439803439803439,0.35135135135135137,0.7989782026319456
-0.4867974526453028,1.4756275423421754,0.7954409462814038,0.11842751842751843,0.6756756756756757,0.9951888146810707
-2.782145043965444,2.797251451557146,0.8247027275718397,0.07149877149877149,0.7567567567567568,0.929446304870029
-0.9793049746534243,1.0725959310985616,0.7168183758718675,0.02702702702702703,0.2702702702702703,0.7909964437594695
-1.9763281600148181,2.2119753278099012,0.7644841313892309,0.039312039312039304,0.43243243243243246,0.8534364131051165
1.4083016311831078,1.548786719145333,0.9463252002331541,0.16756756756756755,0.972972972972973,1.2523571090479109
1.320124626245692,1.6786280357660852,0.9009603534974204,0.20221130221130218,0.9459459459459459,1.2603976374308679
3.2737458420462278,3.4163604673197607,0.94218113904167,0.185012285012285,0.9459459459459459,1.205114552190802
0.5058390317310588,1.0224991032446353,0.7945908958129306,0.07395577395577395,0.6756756756756757,0.9436249023809724
-3.2941243375532334,3.439524917763747,0.6914111301396686,0.0343980343980344,0.2702702702702703,0.7582743918898618
0.05506542392849029,0.937852136647241,0.8442792283821202,0.11572481572481572,0.8918918918918919,1.059054532423932
1.4205930043994506,1.597077593980315,0.8513107422055023,0.14299754299754297,0.918918918918919,1.0617884580705548
-0.29619666656987187,0.9024017087501311,0.7787445173721649,0.08108108108108107,0.7027027027027027,0.9435981088058512
3.22984361812316,3.3905866026349982,0.8034958847953293,0.1108108108108108,0.8108108108108109,0.866394572022104
-1.09099792509551,1.6449825235680924,0.71300536188355,0.05896805896805896,0.3783783783783784,0.786138724044238
5.207369177213438,5.314147826213135,0.9265981029470214,0.17739557739557738,0.9459459459459459,1.0789824574614135
-1.6244395811387164,1.8855719290705628,0.7929203381260045,0.08599508599508598,0.7297297297297297,0.9437351421782031
-3.2086650223637925,3.218778056990037,0.8353539219050163,0.07395577395577395,0.7837837837837838,0.9570865909109285
-3.394781553320766,3.4013769334875747,0.705247893401018,0.02948402948402948,0.2972972972972973,0.760614420543518
-4.486601667412203,4.674987145354403,0.6969558003683106,0.02948402948402948,0.2972972972972973,0.7251471958985567
-1.5688563232548813,1.7037459698189261,0.7621039790888634,0.07616707616707616,0.5945945945945946,0.8695830519918513
-0.3793790058767421,1.1358071619676673,0.902930754348012,0.07886977886977886,0.8378378378378378,1.0243371463676991
-1.9438274434633378,1.9534544948744448,0.7385268949470708,0.04176904176904176,0.40540540540540543,0.8227439913617272
1.5442835826267545,1.9418493459141921,0.8584899865246728,0.16019656019656017,0.8648648648648649,1.0742724274648068
-0.5471024288731172,1.227440105369058,0.794917491353435,0.08585858585858586,0.6944444444444444,0.9651604453422308
-1.9574603614168449,2.1733959440326105,0.7928788800649591,0.10343980343980341,0.6756756756756757,1.0257722568073384
2.4699692472005204,2.4699692472005204,0.8745217302489958,0.19975429975429973,1.0,1.1379612330004114
-0.16459382448237095,0.7966665962318383,0.8018115375740065,0.10565110565110564,0.8108108108108109,0.9723203128778174
-2.59618432194945,2.652556170692528,0.755725828239903,0.04692874692874693,0.4594594594594595,0.8037362244143567
-1.0683432936527886,1.0853457958385015,0.8289866853123784,0.07395577395577395,0.7837837837837838,0.9251347718628645
-0.323500650440262,0.6849418637822904,0.7753357713956045,0.05896805896805896,0.6486486486486487,0.9119721045521297
-3.1096018866306863,3.1222130568778756,0.6767938268825631,0.02948402948402948,0.2702702702702703,0.7405206464789824
4.742994152100588,4.771998105033111,0.851484464377393,0.2169533169533169,0.9459459459459459,1.1150884419209108
-4.301471548114364,4.328664798879044,0.7665078870743273,0.059213759213759216,0.5945945945945946,0.8438676129444737
-3.197873453091228,3.3043419375886645,0.8082301146166548,0.08378378378378377,0.7567567567567568,0.9060804258987247
0.9678600621432388,1.2411436421541557,0.7673039194798011,0.06904176904176904,0.5945945945945946,0.81964360392256
-4.498489003775842,4.588053261911529,0.6289404015791308,0.01474201474201474,0.13513513513513514,0.6549090912965071
4.8624994761689635,4.8624994761689635,0.9552402649287901,0.2142506142506142,0.972972972972973,1.1840187459441092
-1.0577922730307638,1.651120030561536,0.8772298353309365,0.12063882063882062,0.9459459459459459,1.1001720756998203
0.6224020169880399,1.4635591383542959,0.9150621440496254,0.12063882063882062,0.8918918918918919,1.1348343313042635
-5.867972853426053,5.893392967417597,0.5843517875293073,0.004914004914004914,0.05405405405405406,0.5250604550356568
-1.8338085432266313,2.1006184959928857,0.8658705689253066,0.09852579852579853,0.918918918918919,0.9535891445672656
-0.9467422457555325,1.1611518029805252,0.7886413581281932,0.06412776412776411,0.6486486486486487,0.8828048733220036
1.21934460107809,1.7740871284626578,0.8506960216838326,0.12825552825552824,0.8108108108108109,1.056829627301537
3.5333888540536678,3.71611733743686,0.8682309837581167,0.1651105651105651,0.8918918918918919,1.0236191114032729
2.7203036625700214,2.776265463882822,0.841536107848932,0.15749385749385747,0.918918918918919,1.0969910429074858
-2.9612480663655183,3.210446503129907,0.8019439000271854,0.08378378378378377,0.7837837837837838,0.927492818542694
-3.491665319336986,3.5509798939957298,0.774336068648644,0.07125307125307125,0.5675675675675675,0.9240288952770555
-2.961553092700943,2.992152497829381,0.7238749700764376,0.03685503685503685,0.3783783783783784,0.8053983297210504
-3.952970875509931,4.054347017665025,0.6777525557637984,0.02702702702702703,0.2702702702702703,0.6722578279057798
-0.3804263034608404,1.1210161039522513,0.7691384294042368,0.06904176904176904,0.6216216216216216,0.9256544128190533
0.4469614294936841,1.0668304222152385,0.8031699772207378,0.0936117936117936,0.7027027027027027,0.9190026648159554
1.7668372580020197,1.9683697812594119,0.7838525520238061,0.07862407862407861,0.7027027027027027,0.9162579263946042
0.3496803749626127,1.0374685285275147,0.7929411029047977,0.09852579852579851,0.7297297297297297,0.9959174283804931
2.021158170224466,2.116558255111366,0.8720438256958477,0.16265356265356262,0.918918918918919,1.146806280407668
-0.24399653063635088,0.9585422023624378,0.8496652351095002,0.11081081081081078,0.8378378378378378,1.0245895115279469
3.087345948817658,3.304682206055413,0.8873419334124664,0.21449631449631446,0.9459459459459459,1.214757454013756
-0.6031650932833825,0.9953810124349965,0.6736220875249935,0.017199017199017202,0.16216216216216217,0.6150400420776402
-3.803980246709998,3.8668143656155456,0.7515476596857505,0.05159705159705159,0.5675675675675675,0.83011028614523
1.03717187435645,1.372750528787724,0.7915598414809901,0.09828009828009826,0.7567567567567568,0.9327334586784701
-5.670565907608215,5.750748773683938,0.612809825654758,0.012626262626262626,0.08333333333333333,0.5656789981902153
1.3274579938406468,1.7148193477376688,0.7967256374376696,0.10810810810810811,0.7297297297297297,0.9311680355969946
-1.0249975550562158,1.410051676415706,0.8105540184695713,0.12063882063882062,0.7837837837837838,1.135225265580515
-1.9013893884076414,2.0731848103754196,0.6828333015855397,0.0343980343980344,0.32432432432432434,0.7076146210204556
3.424176761212918,3.4926836930673737,0.9308357264805436,0.18697788697788695,0.9459459459459459,1.2282621092551824
3.7019691468329707,3.7973579684575474,0.8220645135790451,0.17518427518427515,0.8918918918918919,0.9981513135073533
0.5387848133032177,0.900285756173089,0.8516778485266611,0.1574938574938575,0.9459459459459459,1.151097938584407
1.9557980504070085,2.1952846923053513,0.8533463192587052,0.15503685503685505,0.972972972972973,1.145414303479572
-2.4265066977197547,2.6395520933001158,0.7016373114072855,0.022113022113022116,0.24324324324324326,0.711990794078136
2.1458386124295488,2.1675340407051653,0.8094823531561554,0.08869778869778869,0.7567567567567568,0.8373345240070792
0.8518409449618847,1.4157798716292378,0.8030627252013348,0.11105651105651104,0.7837837837837838,0.982415238510341
-0.3422972694768232,0.8475653532600675,0.8362157984516324,0.12334152334152333,0.918918918918919,1.0298929931517784
2.993138870965855,3.2981271620397288,0.8140473375547157,0.15995085995085992,0.8918918918918919,1.0182493470404523
4.884745896389906,5.082381303649342,0.8496043193724421,0.1776412776412776,0.918918918918919,0.9561940459577297
4.8439892549009,4.950922744512961,0.8959933765709776,0.2292383292383292,0.972972972972973,1.1588577640004267
0.1438031192295816,0.9923768841662348,0.8621507939798025,0.14545454545454545,0.9459459459459459,1.1824331735720963
-4.125513164625014,4.158446729905712,0.6934330256943203,0.03931203931203931,0.35135135135135137,0.7192891265929681
0.059738018270474,0.5154548029072654,0.7932808758482113,0.0936117936117936,0.8108108108108109,0.9263605977687529
-3.0749199717378217,3.1017938577872552,0.7750125743664198,0.05651105651105651,0.5675675675675675,0.9352163312694954
-1.9220671584692137,2.1135754023537565,0.7074823176788676,0.02457002457002457,0.2702702702702703,0.7599384798817475
-2.5382781290965175,2.5469159781812376,0.822901128043302,0.07149877149877149,0.7837837837837838,0.8520776826268591
0.24153643430238675,1.0728432689688754,0.8148402008885423,0.09606879606879605,0.7837837837837838,0.9665292895047807
3.572095695294756,3.679317965207093,0.8590877702231605,0.17518427518427515,0.918918918918919,1.0584579004632584
-2.743485885685437,2.863722518888039,0.7576256317856916,0.051597051597051594,0.5405405405405406,0.9022331955903755
5.453446232744082,5.453446232744082,0.951465416700721,0.1948402948402948,1.0,1.0513957687659807
-0.8913426588445124,0.9884011211267731,0.7589983895251531,0.05651105651105651,0.5945945945945946,0.8674008224284153
0.8950985025078803,1.0604559994828195,0.8039183354096727,0.10343980343980341,0.7837837837837838,0.9926946118683452
1.4083540639879937,1.5600264243513144,0.8690713481799345,0.16289926289926288,0.9459459459459459,1.1242984817497301
-4.629069393712373,4.629069393712373,0.6458953652043623,0.010101010101010102,0.1111111111111111,0.6636951633477889
-0.2623620718370345,0.7759903667035561,0.8297574087088467,0.10614250614250613,0.918918918918919,1.0216110991648812
-4.867193649125342,4.955607211110332,0.6131320539016767,0.012285012285012284,0.10810810810810811,0.5143190914406797
-4.822292904716036,4.973192134186695,0.7269170835656485,0.06167076167076168,0.5405405405405406,0.8191630819648025
-2.942615413168485,2.942615413168485,0.6380968938672993,0.009828009828009828,0.08108108108108109,0.6559327077286596
0.7197221496566066,2.003966040888283,0.924929459211226,0.17493857493857493,0.9459459459459459,1.3214524395401561
-0.8126288159910247,1.1130801011682097,0.8570398421252019,0.10859950859950858,0.8378378378378378,1.082369147424614
-3.76494786622752,3.7905373378884204,0.7385101667037862,0.04914004914004913,0.43243243243243246,0.8580073885228195
-0.9717987931154635,1.2030177154218968,0.9142384347288405,0.08132678132678132,0.8378378378378378,1.046417245681985
2.1721400619092277,2.2372215859193227,0.821415878792337,0.12309582309582309,0.8378378378378378,1.0122668339725722
-1.530016016120589,1.7022310036073407,0.9105077776433474,0.09852579852579851,0.8648648648648649,1.194423969855804
-2.1110201061922904,2.6735236172543395,0.7573037728504006,0.05651105651105651,0.4864864864864865,0.7993851439552803
-0.7596871143381116,1.1787330558368005,0.7954163009450209,0.08378378378378377,0.7027027027027027,0.8978980105811114
3.0568243194799103,3.0586420621451764,0.9358536410124866,0.1845208845208845,1.0,1.2142640245062142
0.12851224653740212,0.8329565569263065,0.8267203477784187,0.1452088452088452,0.918918918918919,1.1311164994520793
2.371246687731893,2.371246687731893,0.8292972745019815,0.12309582309582308,0.918918918918919,0.8712937004333264
-1.2410373615971688,1.5163979160569991,0.7793446836826713,0.06142506142506142,0.6486486486486487,0.9306642578621278
-0.43511882733672147,1.152741947566784,0.8031409455165371,0.0936117936117936,0.7567567567567568,0.9548131215179168
1.9587000102784344,2.060148247049041,0.7918673797299957,0.08599508599508598,0.6486486486486487,0.9578271910794206
-1.8989502880596951,1.974048749572315,0.7627270477197738,0.06633906633906633,0.5135135135135135,0.8998724674203381
-0.4145371759027864,1.4734284921655878,0.7621507381398865,0.08624078624078624,0.5405405405405406,0.9298240676068622
2.476709922872588,2.476709922872588,0.8397391629181623,0.1402948402948403,0.918918918918919,1.0174203478170558
-2.461068966745749,2.482083675331886,0.7917420391333204,0.10589680589680586,0.7027027027027027,1.0400993147647233
1.664278106455116,1.9388036361679406,0.9433489753530174,0.185012285012285,0.9459459459459459,1.292802611378405
-1.316947579215701,1.5061388834584415,0.7932099616271091,0.08108108108108107,0.7027027027027027,0.899973523857416
0.7802493031781277,1.176342377555721,0.801060627173319,0.07886977886977886,0.7297297297297297,0.935898132691837
1.8959302010611838,2.0073014104144904,0.8835195630459215,0.15036855036855035,0.972972972972973,1.0751688453297665
-0.6021667842356666,0.9900347855271795,0.8318397957679798,0.13316953316953314,0.8648648648648649,1.1185276293760047
-0.23043117923869952,1.0917289079581933,0.8307670511753052,0.08378378378378377,0.8108108108108109,0.9367630511917324
-2.6009762595156176,2.6829211775319646,0.8221614999750597,0.10835380835380834,0.7567567567567568,1.0061478081642028
-3.1586426382808774,3.204518760228428,0.7826393395507951,0.05184275184275183,0.5675675675675675,0.8411395303801286
-2.1945225533367747,2.3157449836021073,0.7535312783892544,0.05896805896805896,0.4864864864864865,0.8522189923075028
2.054602933798067,2.162221909952165,0.7820822653025529,0.08845208845208845,0.6486486486486487,0.8451565735341635
4.972308336992022,5.013922006784263,0.9391364792151272,0.212039312039312,1.0,1.1576650069306527
-0.16343598397636536,0.6915903866956338,0.8524972613648306,0.10835380835380834,0.918918918918919,1.0343646681462988
1.6101736622326956,1.627216845538157,0.8268734749152383,0.11056511056511056,0.8648648648648649,1.037193721163662
-2.1031454725184076,2.2174766266611465,0.7389318964810617,0.036855036855036855,0.3783783783783784,0.8816719003306004
-3.4619394103086427,3.4856355275761883,0.7259712926864259,0.037100737100737094,0.40540540540540543,0.8894210688082667
-3.106283166011153,3.176973550272966,0.7425826536918405,0.051597051597051594,0.4864864864864865,0.8865178144265282
-0.5119201719028883,0.9825743496520074,0.818882358736791,0.13562653562653562,0.8648648648648649,1.0863976739269472
1.8824096022867398,2.0618061570922257,0.8687850963609698,0.15656565656565655,0.9166666666666666,1.138787403210357
1.4205793669190818,1.889106124172773,0.9412208799043374,0.17002457002457,0.9459459459459459,1.2561469238767824
-0.1460419056483366,0.8326820858452306,0.8221267098359514,0.08378378378378377,0.8378378378378378,1.0329946799971457
-3.1079885651636134,3.3283044545860263,0.6861644333650337,0.02948402948402948,0.2702702702702703,0.7246385495573429
2.0563306810172497,2.0563306810172497,0.8122872275782916,0.10810810810810809,0.8108108108108109,1.0279242035481184
1.589704668516318,1.8484812017120738,0.8665905106601937,0.18255528255528253,0.918918918918919,1.1834712675425254
0.3347397527153142,1.0558853009899243,0.8429736477602815,0.14054054054054055,0.9459459459459459,1.0933203067777753
-0.8274571300732929,1.4724336161364797,0.7917440254872127,0.10368550368550368,0.6756756756756757,1.004310659202458
-4.299680226715376,4.37606108461409,0.7321938478810673,0.0303030303030303,0.3333333333333333,0.8151590742121518
-0.6092116466186815,1.2193178434666023,0.8382091659060725,0.09115479115479114,0.8378378378378378,1.0443047112013422
-1.8611372731479783,2.2251592757306993,0.7895251157605462,0.07616707616707617,0.7027027027027027,0.9611920512341677
-1.6374880739275899,1.7847307464757938,0.9081973882987628,0.09852579852579851,0.8648648648648649,1.1164318173922614
-0.22846748490303592,1.1066221132224006,0.7802404079016031,0.07395577395577395,0.6216216216216216,0.8258339917217189
-2.35693481836625,2.506138081078106,0.7791340809345525,0.07395577395577395,0.6756756756756757,0.9106828379056061
-2.810707748279959,2.8821329428264675,0.7930139910448968,0.07149877149877149,0.7027027027027027,0.8661427967332661
-1.1565097935562587,1.449647974340806,0.7691446661046875,0.07371007371007371,0.6216216216216216,0.898462933241469
-0.5834648884137112,1.0448205106659059,0.8047051218527629,0.10859950859950858,0.8108108108108109,0.9638398246194002
2.1783329967201768,2.2080731831512135,0.8361619198441248,0.15773955773955772,0.918918918918919,1.047853857340241
0.8797576886240819,1.1498882340343435,0.7861655663310698,0.08845208845208845,0.6486486486486487,0.9335766358366658
2.2547990551979438,2.6350582449062485,0.8415741226680498,0.17002457002457,0.972972972972973,1.1183170620689133
-2.2542245362515834,2.2736026080136735,0.7648187599086631,0.05808080808080808,0.5833333333333334,0.9324971332025789
2.331273415153767,2.342907686009086,0.8376628740621971,0.17002457002457,0.972972972972973,1.0527758890988381
-0.9851989054307295,1.0791284875152305,0.7571777552829873,0.04914004914004913,0.4864864864864865,0.8829821608770226
4.46247148462501,4.581610534669854,0.9391700039516291,0.19238329238329235,0.972972972972973,1.1912393934920957
-0.5828884582819299,1.3960305862218867,0.958343566013237,0.17248157248157245,1.0,1.306699937003333
1.403700556467409,1.627537926491485,0.8117606300340565,0.11572481572481572,0.8378378378378378,0.9488875389258414
-4.246191235447529,4.318660661675157,0.756490778982758,0.047979797979797977,0.4722222222222222,0.9317108050369348
4.80991194739359,4.858193717103931,0.8925409958318572,0.2267813267813268,0.972972972972973,1.1626176497973568
0.44466200540550566,1.0102649118084523,0.8549261580950606,0.14545454545454542,0.918918918918919,1.0507058178262618
-1.1236887699093063,1.2478718092915266,0.8546324501582689,0.1257985257985258,0.8648648648648649,1.0532547170081834
-1.7559718638391644,1.9053117290255035,0.7188231760634751,0.04201474201474202,0.40540540540540543,0.7614890835052018
1.1253723040464492,1.8713641702547652,0.9320841113880518,0.1577395577395577,0.972972972972973,1.29760283697082
-2.872319975914198,3.139843020194856,0.7877922345256081,0.06565656565656566,0.5833333333333334,0.8906395085691948
-2.420463529576219,2.5487192625766806,0.7207853439745029,0.02948402948402948,0.24324324324324326,0.801644080759497
-4.073291237607449,4.137758816510106,0.716333898654652,0.03194103194103194,0.2702702702702703,0.7959140943257235
1.8392145287291246,1.9271286530805605,0.8464883645226284,0.13046683046683044,0.8108108108108109,1.0375565337551256
-0.47144405645299214,1.5663779429450013,0.8022188383781507,0.09606879606879605,0.6756756756756757,1.0442294093433273
-0.7064642861207564,0.9409034858171554,0.7895475891590364,0.11868686868686867,0.8055555555555556,1.0161064088544216
-2.329155936516618,2.329155936516618,0.7134375107194671,0.022113022113022112,0.21621621621621623,0.7929851287760974
2.4891179320402053,2.558537858177523,0.9104194170134177,0.20958230958230956,1.0,1.266774742230533
-2.4386177471751873,2.460200583712748,0.8010648986485911,0.06904176904176902,0.7027027027027027,0.92308119023083
-2.39459038786506,2.518424031745065,0.7738798313168141,0.05896805896805896,0.5945945945945946,0.822850711072369
0.14588474349695216,0.8033927041793654,0.8365217579619715,0.06658476658476659,0.6756756756756757,0.866271319834576
-1.5605200399067136,1.7535049342589113,0.7645476734197264,0.051597051597051594,0.4864864864864865,0.883611004629999
4.725608920488289,4.798436144744085,0.8640976340405848,0.18230958230958227,0.972972972972973,0.9758716290692167
-0.10752791534030402,0.983491897060517,0.7943298122666594,0.10589680589680589,0.7297297297297297,1.0375654768978084
0.7562197378166633,1.3659857216932019,0.8241248090119218,0.13562653562653562,0.8378378378378378,1.0054679936993844
-0.00035687611004728357,0.881390451043855,0.8020273506185657,0.0985257985257985,0.7567567567567568,1.0147167196149045
-1.5684589597820544,1.5793268734136228,0.8329106326768192,0.08624078624078622,0.7567567567567568,1.0246517693183885
1.0418813304759869,1.819615528793064,0.7633225174421729,0.06633906633906633,0.5945945945945946,0.8522583601983359
-4.228490012833172,4.263064454612336,0.7421847359427328,0.05184275184275184,0.5405405405405406,0.714935231068558
1.1698813596023734,1.7925811736494102,0.8771162981643297,0.13316953316953314,0.9459459459459459,1.106534224260426
3.509459418474789,3.921684881140247,0.9239487749925298,0.14545454545454542,0.8918918918918919,1.1666503285297274
0.27142502849941036,0.7838509559491045,0.812586207363291,0.11818181818181817,0.8648648648648649,1.023425746300575
-0.04059873590668743,1.1753400118083743,0.811864906516163,0.10614250614250613,0.7297297297297297,0.9627424387083554
0.12124805473529748,0.8929749032237353,0.7643467094904803,0.06388206388206387,0.6486486486486487,0.80470163918199
1.559946984225694,1.6039001881791883,0.8175518856333783,0.12555282555282554,0.918918918918919,0.9991987991433489
-1.418261255751955,1.4933793028249183,0.8671969619119064,0.1356265356265356,0.8918918918918919,1.0718932150482914
3.283213216836364,3.2966983239381755,0.8891260043979288,0.16977886977886975,1.0,1.2049468536082089
2.5824421508294977,2.5824421508294977,0.8544597241659746,0.1651105651105651,0.9459459459459459,1.0954777807882776
-1.916863550074323,1.9454783662932584,0.8496127203768211,0.08869778869778869,0.8378378378378378,1.02705887812744
-1.969330133314859,2.15260992029855,0.9140027675847251,0.08132678132678132,0.8108108108108109,1.124245862179502
0.4346359003184463,0.963490235853254,0.83836948970521,0.1479115479115479,0.8918918918918919,1.1061301016665557
-1.464811499038125,1.52981266404554,0.7141948624339409,0.03194103194103194,0.32432432432432434,0.7718524753236646
3.6223281019511537,3.7584113264776557,0.8343137907720205,0.1506142506142506,0.8918918918918919,0.9625201739456833
2.6415406212838257,2.662248589132097,0.8287996980123274,0.15528255528255525,0.9459459459459459,1.0317884868302913
-1.240206410188338,1.5322286431786978,0.8707466153646372,0.1479115479115479,0.918918918918919,1.156302256957226
-0.7870310241814285,1.156856336410011,0.8556743655094653,0.11572481572481572,0.918918918918919,1.01075104644757
-1.9111829267252856,1.9320016684308208,0.7801713248276417,0.056756756756756746,0.6216216216216216,0.8764519592268827
3.6431471508679043,3.7875602620829403,0.8224523084139131,0.13538083538083537,0.8378378378378378,0.894533663952775
1.3299720272144406,1.963869839033884,0.9118799277322646,0.11326781326781325,0.8648648648648649,1.1226977722268578
-3.654883545463906,3.661530698636764,0.7516261542013591,0.04914004914004913,0.5135135135135135,0.8520066436197056
2.4902290777741944,2.578596997863163,0.8704514066111603,0.15036855036855037,0.8918918918918919,1.071002654388536
4.445565077840893,4.487866249363113,0.9544561011752432,0.23882063882063886,1.0,1.2817212297273743
0.9928617205537075,1.4875603501382835,0.8684486171997744,0.10835380835380834,0.918918918918919,1.0308170161686627
-0.5606534641429152,1.1313228626914373,0.7891062676178744,0.09582309582309581,0.7297297297297297,0.9826622745435561
2.1184614281694336,2.1913738467992436,0.8721137305300235,0.1452088452088452,0.9459459459459459,1.0138821868382626
-0.2779378543021914,1.0231301612648815,0.744873479992249,0.05651105651105651,0.5135135135135135,0.8583301710251766
-0.8892366922183307,1.1441059283722161,0.8033325974918304,0.10098280098280096,0.7567567567567568,0.9729480029411445
-3.3448431691221794,3.3448431691221794,0.6995804306984942,0.022113022113022116,0.24324324324324326,0.7894146774634319
1.6768062948365596,1.9335587985969982,0.7855957059314642,0.09361179361179359,0.7567567567567568,0.949893491816166
-0.5930809168825062,0.9107164992985985,0.7200254509403465,0.02948402948402948,0.2702702702702703,0.7363951972242915
-0.9894860915864511,1.2976717523107375,0.8706384151693863,0.12878787878787878,0.9166666666666666,1.1323894672759671
0.5272240935458872,0.9820295707615454,0.8005611877471075,0.09361179361179359,0.7297297297297297,1.0135969982168007
-0.3886966992892079,0.8946515736391987,0.8166419633667863,0.08869778869778869,0.8108108108108109,0.9640558801690955
-3.7902599534619057,3.7902599534619057,0.6287862394454471,0.00737100737100737,0.08108108108108109,0.6112759177963876
-2.02208148617987,2.723692217187816,0.7160795528372746,0.06142506142506142,0.35135135135135137,0.9102395348534202
0.32492282078119583,0.9965325433570502,0.7598197506145372,0.06879606879606878,0.5405405405405406,0.857659191882047
4.2299723168720105,4.375232743103485,0.8157921220722004,0.17002457002457,0.918918918918919,1.0164265282018117
0.7708703167597382,1.268420382563814,0.8598743605637917,0.11326781326781325,0.8648648648648649,1.1040859959086105
0.9916828887003377,1.4394384009369263,0.8701788333323148,0.16756756756756755,0.918918918918919,1.1789673330175088
4.432457536903989,4.446713917588942,0.8517978968646664,0.21916461916461918,1.0,1.1573516364167258
-2.9704393118400803,2.9704393118400803,0.7855044084598458,0.06412776412776411,0.6756756756756757,0.8621078610929583
-2.3289438137162537,2.4650419735993125,0.7444651036263921,0.039312039312039304,0.43243243243243246,0.784936779488957
-2.0143019163754685,2.441506203652763,0.8372072904760867,0.09852579852579853,0.8648648648648649,0.9930762856833186
1.2767306014784192,1.3997428177955236,0.8675092906391461,0.14054054054054052,0.8918918918918919,1.115705547635391
1.648369692737106,1.7306486737598532,0.8919056215563401,0.18746928746928743,0.972972972972973,1.1369515572295363
-3.3920119866678604,3.466692952420254,0.6911824500707335,0.02702702702702703,0.2702702702702703,0.7006280583252044
0.9275304821848432,1.4233964101582945,0.7241406030074946,0.04176904176904177,0.35135135135135137,0.6791627093057868
-1.399478210602299,1.503631373140429,0.7855030261691895,0.08599508599508598,0.6756756756756757,0.9704091358927082
-2.3652570328209404,2.7844049946543823,0.7981592846066854,0.07323232323232322,0.6944444444444444,0.8981847115893551
-2.586225399663332,2.586225399663332,0.7266990925391799,0.042014742014742014,0.43243243243243246,0.8107365126134932
-0.27982861849729074,0.8230407152411876,0.8228679752327199,0.10614250614250613,0.8108108108108109,1.0082928526765138
1.148619538051151,1.4080859190410835,0.8709290357452083,0.1577395577395577,0.918918918918919,1.1130140540231543
-1.7884427677812367,1.9958665656695118,0.7672209093177249,0.07174447174447174,0.5675675675675675,0.8426304012060037
-0.5689903246780472,1.2183277019795944,0.846746761544153,0.10589680589680588,0.8108108108108109,1.0152067278403174
1.7651473859830686,1.7839765980956155,0.8752792719809503,0.17248157248157245,0.972972972972973,1.1381924852088459
2.5844863899407318,2.76768689533145,0.8276941749505666,0.14029484029484027,0.972972972972973,1.0683163311314054
1.9102778748276483,2.0430634001123154,0.7991531297676964,0.11572481572481572,0.8378378378378378,0.9337443710655808
-1.121387154292733,1.3573353910537025,0.7616422944982328,0.06388206388206387,0.6216216216216216,0.8600380319629048
1.1246837878278504,1.3599486258877265,0.7926027431366125,0.09336609336609336,0.7027027027027027,0.9325207210975185
-4.107549499170657,4.159502504211646,0.7142458982175529,0.03685503685503685,0.35135135135135137,0.8186841402945134
-3.0721923585629627,3.1029538203958524,0.7592776979002155,0.056756756756756746,0.5675675675675675,0.827382600850887
-1.162188487044425,1.231742403738235,0.8282858576659219,0.08378378378378377,0.7297297297297297,0.9720493237329709
-0.01069157435759516,0.6950824159457686,0.7722928146923653,0.07616707616707616,0.6486486486486487,0.9373630609860628
3.868533260992046,3.9122734024658214,0.8301573872003392,0.13046683046683047,0.918918918918919,0.948701807199545
2.8878737000673773,2.9097126316979414,0.9476509250810683,0.20221130221130218,0.972972972972973,1.2841638807642632
0.4465262497271999,1.1765412965661348,0.9126306222999545,0.10343980343980344,0.8648648648648649,1.132716404762709
1.2349329658146764,1.4568216629348036,0.8170227845114444,0.10343980343980343,0.7837837837837838,0.9629140385544414
-0.6665941210111935,1.8356668450209337,0.9294648295695023,0.11572481572481572,0.8918918918918919,1.10746959966919
-3.084357173052304,3.202780592915069,0.8976479906428512,0.08378378378378377,0.8648648648648649,1.0586521744890838
1.117619588060092,1.4995894009164783,0.7498969077777232,0.06388206388206387,0.5135135135135135,0.8281453698115258
-0.3668040874084854,0.7359261660350217,0.7900891955326258,0.08869778869778869,0.7567567567567568,0.9371811709541433
1.4602918782454306,1.849977493711618,0.8658257942763973,0.16019656019656017,0.8378378378378378,1.178625168885241
-2.7569591665008097,2.7569591665008097,0.75480090951186,0.05184275184275184,0.5675675675675675,0.8668989974863681
-0.589845685955199,1.8079379372186022,0.8006395030818414,0.08108108108108107,0.6216216216216216,0.9592721820857483
-3.0248643755520432,3.044014219273315,0.7271909790546459,0.03931203931203931,0.35135135135135137,0.8427117178560235
2.278858802832613,2.2836741515765326,0.8614894573000776,0.1528255528255528,0.918918918918919,1.1099111381331945
2.884984411022429,3.0216785062593554,0.8088700233662799,0.1108108108108108,0.8378378378378378,0.8981657906386304
-0.5599235402916475,1.0107489367861349,0.7498676073320915,0.05405405405405405,0.4864864864864865,0.9064083460536907
-1.3890929912055163,1.4972895391389662,0.9019435604184244,0.07395577395577395,0.8108108108108109,1.0387332298441607
2.7547785204904534,2.8517483182217265,0.8998667469406608,0.17493857493857493,1.0,1.2287332574852647
-2.311118009939574,2.322999190177734,0.7653399060079656,0.07395577395577395,0.6486486486486487,0.9322481204266456
-0.42086730932632666,0.8524743927001321,0.9039473720564501,0.08869778869778869,0.8378378378378378,1.0585587363722369
1.771832618911835,1.8869545401462098,0.8749040913760393,0.13538083538083537,0.9459459459459459,1.0553184532563795
-0.5651244304389901,1.1395686041693545,0.8086033856161831,0.09336609336609336,0.7027027027027027,1.025927753554485
2.9445064503069247,3.008519462329024,0.7658450054152033,0.06633906633906633,0.5945945945945946,0.7782192112406084
-0.0745215591010242,0.7071120742465976,0.8187086127396992,0.12063882063882062,0.8918918918918919,1.0773506901917318
2.1937436411915567,2.2334126470489206,0.8716605063743322,0.09606879606879605,0.8648648648648649,0.9567566274175634
-0.6465607013498093,0.9283030937306341,0.7877065628741615,0.07149877149877149,0.7027027027027027,0.8597302432338837
3.2144453801286144,3.367678712390395,0.9353754838077009,0.16265356265356262,0.9459459459459459,1.1967447358301493
-1.5669357212706996,2.1189501186230726,0.799202010012204,0.08869778869778869,0.5675675675675675,0.9951419798953252
1.7294181274886427,1.932635113599081,0.8619538275269617,0.1528255528255528,0.8648648648648649,1.15785340506399
2.12417826822401,2.1847593827336964,0.7966520341596129,0.07862407862407861,0.6756756756756757,0.8618573844969
-2.154838321374224,2.3664167593949825,0.7462143201329419,0.07125307125307125,0.5405405405405406,0.8574646522090499
-2.425091782811984,2.425091782811984,0.7576682152913173,0.0515970515970516,0.40540540540540543,0.8974548184406446
0.9059814181852369,1.1809705864086824,0.7586636041715463,0.05896805896805896,0.5675675675675675,0.817606984277084
1.1685742969190813,1.3002519170222167,0.8077762189486117,0.11326781326781325,0.8378378378378378,0.9539493176158544
-1.5012581820131647,1.8462030186567848,0.9222102793178617,0.10343980343980344,0.8648648648648649,1.1338051923492871
1.5436426189583066,1.729219711576597,0.7913895874877644,0.07886977886977885,0.6756756756756757,0.8786411601975762
0.775293201462669,1.274540074798849,0.7675251329146041,0.06142506142506142,0.4864864864864865,0.9561877301774546
3.334117711600707,3.4186339333526825,0.8400641865477911,0.16756756756756755,0.9459459459459459,1.0304630078099122
0.3405969481125937,1.649632504600602,0.8228030045432686,0.14299754299754297,0.8378378378378378,1.0703958577098456
-2.3232302835079346,2.4213673033985703,0.8049339418564359,0.09343434343434343,0.8333333333333334,0.963390283561243
2.558062002851095,2.799954342226455,0.8891607347878223,0.22899262899262898,0.9459459459459459,1.3098036210793007
1.3154049312128124,1.5355513218667292,0.8169253988757674,0.09336609336609336,0.7297297297297297,0.9702643656922716
5.529556766901189,5.63576757080206,0.863702947254906,0.24152334152334154,0.972972972972973,1.0940122936635466
3.3483069647677,3.401207849639633,0.8603527398180111,0.13292383292383292,0.8918918918918919,1.0365553568226056
1.7754131386896859,1.7790552687603873,0.844653629236256,0.15282555282555282,0.918918918918919,1.0302419524261914
0.6337915276158903,1.2510238238713778,0.885889633649165,0.15036855036855037,0.8918918918918919,1.130519902791395
-0.9869887534766533,1.259113885773202,0.8138145611073891,0.09631449631449632,0.8108108108108109,1.0370540348016624
-1.7556694630533805,2.427075146150595,0.7956806181367029,0.07616707616707616,0.5945945945945946,0.8951807298810582
0.36317915868365896,0.951045370340539,0.7619060052237635,0.06388206388206387,0.6216216216216216,0.840237060891701
-3.234460513359754,3.2855067534774225,0.7351653952367484,0.05896805896805896,0.5675675675675675,0.7832824547534518
0.11127866079871165,0.7420042074346025,0.7936923279939967,0.08378378378378376,0.7027027027027027,0.8787868782520474
4.664945078793275,4.664945078793275,0.850004305239376,0.1968058968058968,1.0,1.0012352469914767
1.6417103633471442,1.689524361351209,0.8218673926709763,0.10122850122850122,0.8378378378378378,0.9488365261196872
-1.6569839633139234,1.7182856016290975,0.6787104330549362,0.00737100737100737,0.08108108108108109,0.7367356265532008
0.36526752961893716,1.4033057452466031,0.8308696774888944,0.12555282555282554,0.8918918918918919,1.0400600050656092
1.4290038695075375,1.5408541558442885,0.9541155293499478,0.19238329238329235,1.0,1.2689374384036105
-0.25827739023738355,0.7683971990523635,0.8082452941342628,0.10319410319410317,0.8918918918918919,0.9970386727727412
3.98369437501288,4.043449384670756,0.9486243375800024,0.21425061425061423,1.0,1.2986034488428886
-0.9617647047503629,1.3619701753088787,0.8713129705651181,0.10589680589680589,0.8108108108108109,1.143742222144769
4.553679062888342,4.877146731577399,0.8578628406094541,0.18476658476658472,0.8648648648648649,1.0615487417315823
-1.1497110386907305,1.290985473431479,0.8526316676910289,0.0936117936117936,0.8378378378378378,1.0505219288074776
1.784498763493825,1.800353651673165,0.8009575527669528,0.10098280098280098,0.8108108108108109,0.8767342430466737
2.061476053353962,2.106098682193983,0.8139916703954224,0.13538083538083537,0.8108108108108109,1.0127835209503597
-0.7276193615834833,0.948845268651075,0.8666002513681211,0.12825552825552824,0.918918918918919,1.0695949419630408
3.4594194064335912,3.477856786299543,0.8603634053443723,0.15503685503685505,1.0,1.0859695005786145
0.494997290631767,0.8114518131154991,0.8293734904953477,0.12309582309582308,0.9459459459459459,1.0995061208188555
3.9501773751582063,4.271645784028113,0.8741696551928578,0.20712530712530708,0.8648648648648649,1.141659189847106
-0.5358856602967631,0.8013526213025675,0.7598595852407996,0.06142506142506142,0.5675675675675675,0.9501384791506109
-3.8411439558681417,3.927842588638203,0.7015784538200837,0.024570024570024572,0.24324324324324326,0.7627397585212613
-1.614965618106983,1.8707930346531885,0.7789724509875311,0.08108108108108107,0.7027027027027027,0.991272771844675
0.38484668526935734,0.7654514266575132,0.8583011293023486,0.1329238329238329,0.8918918918918919,1.115842085626294
3.534291597563643,3.5635615833759733,0.8556538207349568,0.14275184275184274,0.8648648648648649,1.0949482183720445
-1.3962712696821165,1.4505419772093966,0.8563842216435528,0.10859950859950858,0.8918918918918919,1.0670518941259164
0.552141097481962,1.5642490711742711,0.9234008963102734,0.1749385749385749,0.8918918918918919,1.3000861584702872
0.20129156544030996,0.6076238582053934,0.7882622151449449,0.0909090909090909,0.7297297297297297,0.9834653523925607
-2.692757214880754,2.8053000345802963,0.769469928475078,0.05651105651105651,0.5675675675675675,0.9045554026331647
2.656024373106677,2.85647662856169,0.8490977893833581,0.13292383292383292,0.8378378378378378,1.0449432699003975
1.0420910782001365,1.4255716444579942,0.9123613638439108,0.10589680589680589,0.8648648648648649,1.077606849822173
-1.2541109852348717,1.8657701246859937,0.7497352238973584,0.04668304668304668,0.3783783783783784,0.8404853099145634
-0.28130295517902004,0.9107085101271177,0.7428126682823264,0.03931203931203931,0.40540540540540543,0.7225121493692722
1.2425006877915405,1.4129406174336938,0.8741357188914559,0.12555282555282554,0.9459459459459459,1.0876288421673612
3.040652097209351,3.309866037858254,0.8269182905970712,0.17002457002457,0.8378378378378378,1.0978983709141197
-1.7975515429478808,1.8596960847799224,0.7830696224032448,0.06658476658476657,0.6756756756756757,0.8801688954561707
-0.42645121920620055,0.9153268938109393,0.8102020815842234,0.09852579852579853,0.8378378378378378,0.9831843640860296
-1.6195197867214093,1.7850238882048588,0.8119815426598408,0.1108108108108108,0.7567567567567568,1.0196525016282054
-2.1729336294139174,2.19781014985494,0.7900184138888453,0.06412776412776411,0.7027027027027027,0.8967971614395914
-1.3416438646269082,1.3704084095489224,0.7840063496763813,0.07641277641277641,0.7567567567567568,0.9371061490938486
3.6910273416380432,3.820348218637492,0.8567084092169692,0.16265356265356265,0.8918918918918919,0.9564194504962729
-5.58792238391181,5.827223383704055,0.6597536292885402,0.017676767676767676,0.08333333333333333,0.6532050185642607
-3.0166769845294112,3.018250407341338,0.6760941366120805,0.014742014742014744,0.16216216216216217,0.6824641470733122
-3.478971105316668,3.478971105316668,0.7003225789709204,0.019656019656019656,0.21621621621621623,0.7462154980084462
1.459079597727457,1.6048172397901077,0.8531167959850522,0.1776412776412776,0.9459459459459459,1.1512694420026892
-1.8162130219612527,1.8412621278773198,0.8081223832019063,0.08869778869778869,0.7837837837837838,1.0019908434296034
2.414721931280118,2.833769542451415,0.8099033691273357,0.10565110565110565,0.7837837837837838,0.9770965241373959
-1.2745039504150684,1.5663950314287425,0.7730226298486633,0.06142506142506142,0.5945945945945946,0.8779029200272667
3.8825796588899903,3.9774504897008875,0.9328399175825497,0.17248157248157242,0.9459459459459459,1.235335368513341
-2.9913983751258555,3.129515031132847,0.7479691690073931,0.036855036855036855,0.3783783783783784,0.8625648399345334
-2.1369342701171368,2.4602543748643755,0.8564262146118768,0.12825552825552824,0.8648648648648649,1.0813406627479545
-1.0309176237808737,1.1066978019106903,0.806729697800319,0.10098280098280096,0.8378378378378378,1.0391842229094013
2.1043445557347638,2.154153630508803,0.8286174242329154,0.13808353808353807,0.7567567567567568,1.0060321356436652
-1.4626132391526092,1.4626132391526092,0.7785991763794291,0.061670761670761666,0.6486486486486487,0.8406368498636302
-2.7704637347150673,2.874330547378903,0.6861605655267121,0.0343980343980344,0.2972972972972973,0.7478741283481788
0.4560599875586279,0.8429196179256959,0.7775543316456536,0.07862407862407861,0.7027027027027027,1.004217373853273
0.20345484960090035,0.856164359946313,0.8183084539043443,0.10073710073710074,0.7837837837837838,1.0564832894699712
-2.185166735517733,2.185166735517733,0.8052017189351206,0.07125307125307125,0.6486486486486487,0.9790826649030864
4.788234349098273,4.788234349098273,0.9243208442247076,0.1845208845208845,0.9459459459459459,1.0936392289179566
-2.035524917749533,2.4975266836463312,0.7466529691947779,0.061670761670761666,0.4864864864864865,0.9227035658431109
-3.887031574377924,4.026449280824582,0.7518054934936736,0.06412776412776412,0.5675675675675675,0.7708841679379254
1.550200951268433,1.6391531250758584,0.8638396206022494,0.13095823095823098,0.8918918918918919,0.9979377028721574
1.360163866848958,1.5998436820524313,0.8233318298394575,0.11326781326781325,0.7837837837837838,1.0086144336141223
2.205840640265174,2.227812627316591,0.8751313453725208,0.17985257985257985,0.9459459459459459,1.125404001252049
2.592034081502677,2.635709810002858,0.8184601808083397,0.09606879606879606,0.6756756756756757,0.9071334138375475
2.252201059565478,2.385085805973525,0.8062949590616652,0.11572481572481572,0.7567567567567568,0.924886196551141
-0.45614199837808983,1.1892837360867083,0.8038187530315113,0.09336609336609336,0.6756756756756757,0.9402245589426309
-0.9411749494951183,1.5026541494009935,0.6991717080938445,0.044226044226044224,0.32432432432432434,0.7959709877603336
-0.8765965665966093,1.1991743159950932,0.803231017974977,0.1108108108108108,0.7837837837837838,1.0198897861770175
3.7367813574029416,3.954458388602361,0.7777957119631838,0.07862407862407861,0.7027027027027027,0.7351100502877363
3.4170271882967453,3.4476514556420614,0.8368015507417889,0.10835380835380834,0.7567567567567568,0.9563440262296775
3.115126538843802,3.632071678251937,0.8312259985019244,0.16511056511056507,0.8648648648648649,1.0682634701123785
0.28196518784175006,0.9499774233481965,0.8273407250691028,0.0985257985257985,0.7567567567567568,0.9307292315479422
3.790653704876719,4.044154001396993,0.9376992439196193,0.17985257985257985,0.9459459459459459,1.1887098172490802
2.883523460338699,2.960359693603504,0.8072790220143251,0.1479115479115479,0.8648648648648649,0.9241653182773765
1.0894538882814264,1.2878882936467806,0.8283537240858388,0.09852579852579851,0.8648648648648649,0.9924391346279944
1.5160287677212492,1.6851385471899405,0.7897704144633667,0.08624078624078622,0.7027027027027027,0.9594528292553737
-1.3465989663218416,1.4380873978270992,0.7309280923358725,0.036855036855036855,0.3783783783783784,0.797925901212359
0.3777836464669063,0.9368812054939987,0.817267515932702,0.11842751842751843,0.8378378378378378,0.9714381492679515
1.1099430438922075,1.5960230042215515,0.8191550065760258,0.12334152334152333,0.8648648648648649,1.0040373017498592
1.764823389612017,2.0063613412760466,0.8579677895824811,0.1108108108108108,0.8378378378378378,1.033000587348052
3.9977108975682043,3.9977108975682043,0.9502364700168006,0.19950859950859948,1.0,1.1430240743476832
1.9508372326333556,2.183896589839396,0.939088817110628,0.18968058968058968,0.972972972972973,1.303316253594587
-1.4977939165304595,1.5861087439501316,0.7945528134240869,0.08894348894348894,0.7297297297297297,1.0018806726522902
-2.8616446262465662,3.010558681049499,0.7694818259240284,0.07395577395577395,0.5675675675675675,0.8967823156891315
2.344298429163549,2.480053116047007,0.8468152645710451,0.15798525798525798,0.9459459459459459,1.091084993922926
-3.1398765147868257,3.1962772269664894,0.7582539051685727,0.05405405405405405,0.5405405405405406,0.8499144966790919
0.31151634047484,1.0403215290797854,0.813103667930819,0.11597051597051596,0.8378378378378378,0.9909166091916938
3.390386347951434,3.821744097466676,0.8965266083259893,0.185012285012285,0.9459459459459459,1.1855119559709515
1.2544760536777462,1.3671610095244764,0.7920312868257018,0.0909090909090909,0.7297297297297297,1.02245437927735
-4.76247613024214,4.862384368721807,0.681115365103074,0.02702702702702703,0.2702702702702703,0.7873659548742882
-0.27554003299315183,0.9004063051419906,0.7223262070953766,0.024570024570024575,0.21621621621621623,0.7925294800096839
-3.913865807220015,3.913865807220015,0.7776530601227433,0.0505050505050505,0.5555555555555556,0.9509040250091536
-1.1814939601373615,1.3064183348934084,0.7769142340935458,0.06633906633906633,0.6486486486486487,0.872799477635193
-1.6264200531863382,1.6564836678213812,0.7707341832507264,0.06879606879606878,0.6756756756756757,0.9306257921204404
-4.280611872809103,4.284250660019318,0.6172394199021776,0.00737100737100737,0.08108108108108109,0.6070699597712317
-1.7094112212551795,2.7731773677743607,0.9172510373523393,0.12800982800982802,0.8918918918918919,1.1543224800897034
-1.0557303702281742,1.4227566302920045,0.7832416173010671,0.07886977886977886,0.6486486486486487,0.9012057139772235
0.5061425480458487,1.0728461958797793,0.8309573280446148,0.09631449631449632,0.8648648648648649,0.9770804575507142
2.59810095670115,2.8451505766938925,0.9393324788429686,0.17985257985257985,0.972972972972973,1.2516803848398863
0.25493227678322566,1.0674359544556609,0.748668336697851,0.06633906633906633,0.5675675675675675,0.9160132896442053
-0.6163327550882658,1.3337110167576476,0.8657319136305962,0.09361179361179359,0.8648648648648649,1.0598548458210562
0.23407090067853262,1.1752073980337197,0.9362291772097214,0.15528255528255527,0.972972972972973,1.1842223944950423
3.5225800242855483,3.589391046936075,0.8382405747002108,0.1899262899262899,0.918918918918919,1.0768514954263224
1.7432108693771133,1.8074914779774622,0.8801030762449018,0.16511056511056513,0.972972972972973,1.1479267833428197
-6.3125623542838,6.369977964467267,0.643161085077002,0.005050505050505051,0.05555555555555555,0.5926401979049086
-3.9459280376007513,4.249894950403477,0.6619024283386081,0.05303030303030303,0.3055555555555556,0.736830221282632
-0.8027842860572982,1.0433824175293829,0.8189837872330531,0.08132678132678132,0.7567567567567568,1.0090927131947798
1.3533298754996295,1.4211876085286383,0.8413612935749346,0.15503685503685505,1.0,1.0993954137614015
-1.198089200599276,1.385255581191029,0.7913667019379074,0.07575757575757575,0.6388888888888888,0.99621785322945
-2.4040333138022945,2.505518667130154,0.8939920703144671,0.08132678132678132,0.8648648648648649,0.9812491975177945
-0.2695484029952028,1.5492758487243499,0.9118346844281333,0.12555282555282554,0.8918918918918919,1.2013063196949063
2.125579632247535,2.253464743050448,0.9466031369122098,0.20221130221130218,0.9459459459459459,1.327994652708106
0.30254525233635027,0.7329333991605196,0.8000395501492203,0.10343980343980344,0.7837837837837838,0.976248023202827
1.6045857608528984,1.7121404496493344,0.8859404509905726,0.18992628992628988,1.0,1.211451466747379
2.1327714503312243,2.4764021622128873,0.8487043814219974,0.13292383292383292,0.8648648648648649,1.0874033686250832
1.0990703198493585,1.376189838372879,0.878131666320755,0.17248157248157248,0.972972972972973,1.144492105909555
-3.572909986598642,3.7781494615629145,0.7650499840596886,0.044226044226044224,0.43243243243243246,0.9359402677657732
-0.3459890443084029,0.8903285910269111,0.8148978340385579,0.11326781326781325,0.8918918918918919,1.0019921697466103
2.688033140384947,2.7997197307697137,0.8454396105652561,0.13783783783783782,0.8378378378378378,0.9708663249485593
-1.5984740278838818,1.6674235566367765,0.8231552304768968,0.10835380835380834,0.7567567567567568,1.01694731578635
0.873116566743116,1.5036943195516272,0.7901483601973188,0.09115479115479114,0.6756756756756757,1.0184892770241722
0.0853662016504805,0.8081143079309858,0.8000715065077636,0.10343980343980343,0.7837837837837838,0.9693937686090967
-0.6304897999947819,1.0372759349852103,0.8053416668381317,0.07641277641277641,0.7297297297297297,0.9385740601880178
-1.5711474967154253,1.868532005999547,0.7868718098278339,0.08378378378378377,0.6486486486486487,0.9272367000412464
-4.446739469867973,4.610110082887297,0.6935056859514419,0.0343980343980344,0.2972972972972973,0.7760677395274236
1.7056009420836404,1.7243503172449897,0.8320695676464914,0.12309582309582308,0.8918918918918919,1.0261361768773665
-1.554681086796377,1.67134225500944,0.8495488046251599,0.09361179361179359,0.8648648648648649,0.9362709786565275
0.59527720016666,0.9867767714205069,0.7842412293933304,0.09115479115479114,0.7297297297297297,0.9608784621970283
2.048878887653107,2.048878887653107,0.8202444092679629,0.128009828009828,0.8378378378378378,0.948551422967991
2.0887813525271923,2.191636737068265,0.7944868401996141,0.09115479115479115,0.7567567567567568,0.9181497803598596
-0.018797364004457334,1.1568650452300855,0.836215250907107,0.12555282555282554,0.918918918918919,0.994331883271327
-3.3028017251548363,3.3028017251548363,0.7786306866029019,0.06412776412776411,0.6486486486486487,0.8911682900817416
-0.8284028501651738,1.0773360743003717,0.8051285433441377,0.10343980343980341,0.8108108108108109,1.015267081110583
-2.3453943723224446,2.3578420971304177,0.7237350207004141,0.04914004914004913,0.4864864864864865,0.8137098661715975
-1.476594003376559,1.623759408679894,0.8992908507534129,0.09852579852579851,0.8648648648648649,1.0659241457738
1.5940486521917265,1.6729620846632236,0.812277257340941,0.10565110565110564,0.8108108108108109,0.8820606171452322
-2.979070345106697,3.0038147834225635,0.8343076184739917,0.07395577395577395,0.8108108108108109,0.9290641205940775
0.40812859817104125,1.2574293385357898,0.845640834632718,0.10343980343980344,0.8378378378378378,0.9259238946524756
3.0046457763834526,3.064786628495353,0.9495743736184439,0.18255528255528253,0.972972972972973,1.226903836291354
4.4592522589288395,4.4592522589288395,0.8292909938024988,0.15233415233415235,0.9459459459459459,0.9626548554509693
0.9396339570005584,1.598260640393242,0.9612341385732661,0.1773955773955774,1.0,1.246139532976466
0.3410664322807042,1.3360192768455426,0.9428079417271017,0.15773955773955772,1.0,1.236101868041919
1.7127920984274323,1.8932113911153559,0.8607726158713842,0.15282555282555282,0.8918918918918919,1.1135773836274248
1.9551091625203219,2.0077582284396436,0.8324546424127145,0.142997542997543,0.8648648648648649,1.0622663267531014
0.4821403030767774,0.9726219162042751,0.7840798287708713,0.07886977886977886,0.7027027027027027,0.8337344919105437
1.0093146683118617,1.2353560133066754,0.7925611210640215,0.07886977886977885,0.6486486486486487,0.9549651086714566
-2.243026108320288,2.243026108320288,0.7965088622804348,0.08353808353808352,0.7567567567567568,1.014591134878715
4.0478291608585995,4.210819773021342,0.8559161921941331,0.12309582309582308,0.8378378378378378,0.9531113768986899
-4.699243690775916,4.865842454585382,0.6615022525228936,0.01474201474201474,0.10810810810810811,0.6886444010699735
0.28027233995176776,0.8817337360762096,0.7803922393799487,0.07616707616707616,0.6486486486486487,0.8929443870227727
-0.9472239049716936,1.457754577381919,0.7557574796886326,0.06142506142506142,0.4864864864864865,0.9304049685613244
1.3717995694169467,1.427692802025421,0.8329683586852727,0.16019656019656017,0.972972972972973,1.0757749716674125
-2.0554522967373527,2.0648714097278944,0.7577485965346511,0.06142506142506142,0.5675675675675675,0.8260173167299816
-0.36719346511807965,0.8437947767838476,0.81086440974135,0.07641277641277641,0.7837837837837838,0.9597851980320997
2.7630796017080526,3.0615950851417626,0.8507327884050051,0.11818181818181817,0.8378378378378378,1.0705409595446855
1.6024606777583714,1.8385885911199857,0.9302331530088768,0.19213759213759213,1.0,1.314830361781898
-3.4459553358576485,3.4459553358576485,0.6603790807824742,0.012285012285012286,0.13513513513513514,0.6801247225587664
0.13480268011472682,0.9462944388163066,0.8284108162815836,0.11351351351351349,0.8648648648648649,1.0392142967420726
2.4108032531215358,2.478574019661317,0.8577148765102873,0.17764127764127763,0.9459459459459459,1.0583074560720491
-3.562995358497359,3.581847085920515,0.6447667290907755,0.004914004914004914,0.02702702702702703,0.671287270288706
-2.8450686068658175,2.912386786987072,0.813277628946279,0.09606879606879606,0.8378378378378378,1.013678597259648
0.9200816337678506,1.730267795956162,0.8189725005797417,0.1108108108108108,0.7567567567567568,1.0482273180837598
2.7067633370978195,3.2081151998603477,0.8270006392598304,0.11818181818181817,0.7027027027027027,0.9721332978642978
-1.6729909725993801,1.6890117190760225,0.8013625501924195,0.08624078624078622,0.7837837837837838,0.9554012541238058
-3.5092887503929475,3.5541108384939872,0.7708035618897253,0.07641277641277641,0.6216216216216216,0.9283764478096945
0.8068550300258232,1.0725539450612231,0.7649447953084922,0.06658476658476657,0.5675675675675675,0.8665293225877608
-3.0118540247600585,3.1981527453510616,0.674444609007258,0.0343980343980344,0.2972972972972973,0.7533320372742626
-3.5216863040394006,3.5216863040394006,0.8041337026218224,0.08157248157248156,0.8108108108108109,0.9473031810213133
0.4107668701728034,0.9104501748852095,0.8394165558675627,0.09606879606879605,0.7567567567567568,0.983008636806596
-2.2630653663981875,2.4282266813101576,0.7907641187376933,0.09115479115479114,0.7027027027027027,0.9378519066548687
-3.8781410636044744,4.0300334076166795,0.653438542952174,0.012285012285012284,0.08108108108108109,0.6808811425744185
-2.8374854897933703,3.191146257143909,0.8090755329865698,0.0886977886977887,0.8108108108108109,0.855261552999704
-3.0996814986254484,3.1855877784569304,0.7215674068748971,0.04914004914004913,0.4594594594594595,0.7593472453216327
-1.0090620906092334,1.477781416466632,0.7965012021713652,0.09606879606879606,0.7837837837837838,0.9000736467896406
2.0749348903882416,2.2694073829827017,0.9285617684205387,0.14545454545454542,0.972972972972973,1.1636165657503095
0.5990662417532353,1.1094649236070921,0.9425655733767465,0.17248157248157248,0.972972972972973,1.2498760845827355
-1.1550764836378562,1.2900969597738574,0.7710051276941382,0.0791154791154791,0.6486486486486487,0.9158092764167872
3.2221624473253585,3.3621652699495503,0.8239074858162038,0.14275184275184274,0.918918918918919,1.0218279788380067
-2.4485889838219235,2.5159052359674985,0.7515497601934042,0.051597051597051594,0.4864864864864865,0.8475769776229577
-0.8797438524237431,1.4805058229583998,0.7792457160704737,0.09343434343434343,0.6388888888888888,1.042068831653765
-0.06311197818210786,0.7108403790765863,0.7878745815066776,0.08378378378378377,0.7567567567567568,0.9313927983651861
2.0437838865611506,2.2270743302815545,0.8591804038470806,0.14766584766584764,0.8648648648648649,1.1022685009856057
-1.005536589075724,1.4475060893155536,0.9257671802008605,0.13808353808353807,0.972972972972973,1.2518431925254891
2.827212090238096,2.924007559871319,0.7733070603188231,0.07886977886977886,0.6486486486486487,0.8115400915558151
-1.6821218881064646,1.686460175176783,0.8401427295640217,0.10122850122850122,0.8108108108108109,1.0687003703709934
1.00698067844836,1.80291997468292,0.8517946224757803,0.14054054054054052,0.8378378378378378,1.1172466472534552
2.7265053594365387,2.7813207081804583,0.9443072871223072,0.16756756756756755,0.972972972972973,1.1758194549969496
-0.7603105603420597,1.1576870577002703,0.7763646959459684,0.06904176904176904,0.5945945945945946,0.8829686711580483
1.4002458270953342,1.6321337084490075,0.8434841912833362,0.1577395577395577,0.8648648648648649,1.1147572524920373
0.6290185967119021,0.9446652567088396,0.8587349966583601,0.10614250614250613,0.8378378378378378,1.0253040163300466
-3.2081269392215135,3.2155373933403353,0.6124797100106538,0.004914004914004914,0.02702702702702703,0.5340977432791614
-1.882732169730364,1.9103527812337673,0.7425941216228141,0.04447174447174447,0.43243243243243246,0.830293604868809
1.452616366367772,1.5815079921933595,0.7842670989516212,0.06879606879606878,0.6486486486486487,0.8507442826997763
-0.2107204221415777,0.6871217723787808,0.7937773167874395,0.08648648648648648,0.7027027027027027,0.980481913114136
2.568183335049932,2.8775551585260573,0.9266311623626257,0.2046683046683046,0.8918918918918919,1.2453619873628514
0.605142613297337,1.107960773994602,0.9223560224399676,0.10343980343980344,0.8918918918918919,1.1361751329183067
-2.010345724332653,2.0309275909859474,0.8430156751229024,0.11105651105651104,0.8648648648648649,1.0950268616953587
3.6344828318379414,3.6344828318379414,0.8826008973335622,0.20687960687960685,1.0,1.073092301571303
-1.7899087411520305,1.7930022581288423,0.7954586756686064,0.06412776412776411,0.6756756756756757,0.8480647495017418
3.1890387864586702,3.229496499117409,0.8702549631043623,0.15257985257985257,0.972972972972973,1.1199603809375973
-2.4805557764296147,2.507075511372424,0.7501104529245932,0.05303030303030302,0.4722222222222222,0.8425409176950933
-1.8922037686072577,2.038224717907159,0.7653121547119565,0.07616707616707616,0.6216216216216216,0.9920792254694433
-1.3858154734129267,1.4521066693762181,0.7388299583147917,0.04668304668304668,0.40540540540540543,0.8849833244400226
1.7535359668321377,2.077887489300124,0.8591013563261141,0.20221130221130218,0.8648648648648649,1.2111461713883436
-0.685473417146069,1.0956494408088349,0.818549558551251,0.08624078624078622,0.8108108108108109,0.991730158591895
0.9278858823003204,1.144980410531074,0.7722976704239024,0.07862407862407861,0.6216216216216216,0.9499281371236771
-1.0541989536612313,1.3261522432822332,0.7481793451364581,0.05651105651105651,0.4864864864864865,0.7895622989486897
1.3370878138640645,1.592688825792117,0.8289995256431313,0.11818181818181817,0.8648648648648649,0.9713508130069662
0.474475521395771,0.8398098976481793,0.817417891024132,0.08869778869778869,0.7837837837837838,0.9372538119212079
2.3660004888456387,2.405894889457431,0.89263112656268,0.19459459459459458,1.0,1.1540038732398237
-0.4364106235866366,0.8582807982080057,0.7743187589698844,0.06904176904176905,0.5675675675675675,0.8987579981273658
-1.5976521874446405,1.731965341336542,0.7566712174771506,0.05896805896805896,0.5405405405405406,0.8348466028599398
4.043734186476879,4.083951764179615,0.8819295907193863,0.1742424242424242,0.8888888888888888,1.1278124418948368
6.557586584924115,6.716468272734374,0.8112880193254434,0.13538083538083537,0.918918918918919,0.7140377341012373
2.3749194979005948,2.4793035468552107,0.8497279726242944,0.13538083538083534,0.8918918918918919,1.0180869697681167
3.8056672367009288,4.176411651400533,0.8027599642871931,0.1402948402948403,0.7567567567567568,0.9933203221393143
-1.058669973102667,1.3720502931320266,0.820648270655941,0.09115479115479115,0.8378378378378378,1.0705809497003507
1.619775324907956,1.8024223570782714,0.8747418564654913,0.16486486486486485,1.0,1.0945029565115798
-2.0680637764039043,2.186399306456825,0.6525671718569492,0.009828009828009828,0.08108108108108109,0.7034330446690674
0.611393496292412,1.0976117596518806,0.841214548520261,0.16044226044226043,0.9459459459459459,1.1228237296507788
-0.18087261244357572,0.8762478577033588,0.7484410709787166,0.04668304668304668,0.43243243243243246,0.8734048963846724
0.28065167972887417,1.1184242828507702,0.8258148057480981,0.11842751842751843,0.8378378378378378,1.0259265717702564
1.2812456276898874,1.5332088327403106,0.7778516533855651,0.08869778869778869,0.6216216216216216,0.8743709418721727
1.6334462539331278,1.892150707157072,0.8487642710589871,0.13808353808353807,0.8648648648648649,1.0890719174971581
-0.8987652423737494,1.1088985448791508,0.7838129521640017,0.09115479115479114,0.7297297297297297,0.9889640915039845
0.08928836072886522,0.7001819901578524,0.8257368276054,0.12063882063882062,0.9459459459459459,0.9866401106705275
-4.8386151117086085,4.903210082375009,0.6189334961496432,0.02702702702702703,0.24324324324324326,0.5731381443813376
-0.4324743424355167,0.6031216252465239,0.7836344283944537,0.08378378378378379,0.7567567567567568,0.904337939538599
1.8816347062402317,2.0548019471894223,0.82446067112256,0.09606879606879606,0.918918918918919,0.8949605273704093
3.9857664558255483,4.062184998672663,0.8846337918055496,0.21695331695331696,0.918918918918919,1.1496857562123
2.0769678047947866,2.3125526244653005,0.9462923823043494,0.17985257985257985,1.0,1.3343379660252734
1.3580406400081704,1.393833936480522,0.849249214266405,0.1307125307125307,0.918918918918919,1.0768270525461487
2.1261693761352247,2.337547356649482,0.8474997042978577,0.1574938574938575,0.918918918918919,1.1045073169387558
3.6097105706177746,3.6097105706177746,0.8105746097963882,0.15257985257985257,0.9459459459459459,0.8469194830217522
3.13102888535149,3.1718720726418983,0.8239992236337134,0.13513513513513511,0.7837837837837838,1.0306634087128421
-0.5703545787607037,1.0225428257801583,0.7847400138090129,0.07862407862407862,0.6216216216216216,0.9548196742723352
-1.1843484912669675,1.537589546045004,0.7655452987510047,0.06388206388206388,0.6216216216216216,0.8761997858017849
-0.3726781259218308,0.8276645269438425,0.7974163909213811,0.08108108108108109,0.7297297297297297,0.9209063155099079
0.9635417816582185,1.1765414468179085,0.8693456801221502,0.11572481572481572,0.8918918918918919,1.0956168079447755
-3.1423055345845645,3.498533002552786,0.7064303947639905,0.04692874692874693,0.3783783783783784,0.7507080438082427
-0.480647567606173,0.921891521048,0.8441264797557764,0.08378378378378377,0.7567567567567568,0.9636004449085565
-2.9087834466570115,3.0520878723736837,0.7718127681455431,0.0714987714987715,0.6216216216216216,0.935270444530369
-1.8530970352917955,1.8560065627930846,0.8425411861888076,0.08869778869778869,0.8378378378378378,1.0151749103816412
-1.6247387665557247,1.825709980814986,0.7010175263974177,0.01474201474201474,0.16216216216216217,0.7388885366427898
-1.2015523733324323,1.6211363321525107,0.8164739834611151,0.08624078624078624,0.7837837837837838,0.9553679046910281
-4.521674454245252,4.526537062679289,0.6968398155921705,0.019656019656019656,0.21621621621621623,0.7597874330203933
2.5103248774408558,2.7265402608224565,0.8510662107911364,0.1528255528255528,0.8378378378378378,1.0640651354435524
3.630174044548993,3.679444757748278,0.8115785553339787,0.13783783783783782,0.8378378378378378,0.9973569725636919
-0.030712599871491802,1.0345089264074718,0.8286584908117153,0.11818181818181817,0.8108108108108109,1.0169394270407506
-1.3848329945421096,1.4647439523618577,0.762317526947795,0.05896805896805896,0.5405405405405406,0.9536788739780406
-2.4454704147940816,2.52603476178363,0.7182410631137156,0.0343980343980344,0.32432432432432434,0.818409511784918
-0.09400515771429128,1.128950025872287,0.8765136887979995,0.16265356265356265,0.9459459459459459,1.1672146747226784
2.3345190781769736,2.5544186926156742,0.7698287784820479,0.08624078624078624,0.6486486486486487,0.8534052039382033
4.510998126485075,4.6381069647839785,0.8736194034683326,0.21941031941031938,0.9459459459459459,1.1335931701316309
3.0018815871249123,3.0082103242188665,0.8757584401800055,0.19950859950859948,1.0,1.1105107898403905
2.133814444985187,2.1715257912594947,0.8489287954258957,0.21449631449631446,0.972972972972973,1.1617727424926148
1.7342284015658225,1.9255188292553562,0.8142679148847067,0.11326781326781325,0.7027027027027027,0.975865196154346
-0.284433262162783,0.8679021749092847,0.7643204335342393,0.06388206388206387,0.6216216216216216,0.9332095640396524
-0.9204988098365188,1.2073588162335491,0.7029744887735313,0.0171990171990172,0.16216216216216217,0.7582362420060502
4.562449679547639,4.690370181042938,0.8498154330020621,0.20687960687960685,0.8918918918918919,1.070681699226223
-0.45574079295812686,1.0388784859336488,0.7847016886022458,0.08108108108108107,0.6216216216216216,0.9781619535617257
-2.9774625597533664,2.9903730014023115,0.7286662018170399,0.03439803439803439,0.3783783783783784,0.7111694270170642
-1.483230031890734,1.5073054484952144,0.7089136041144534,0.02702702702702703,0.2972972972972973,0.7790600224486897
-1.3792572190008725,1.427705211838385,0.7493475891151412,0.051597051597051594,0.5135135135135135,0.8493958160792792
-1.3620610489767693,1.5258102136312506,0.8084313346571864,0.0985257985257985,0.7837837837837838,0.9871617797469954
-1.0494195076715906,1.2932156930942644,0.7714228522858871,0.06904176904176904,0.7027027027027027,0.8282684721284188
-0.9744428589917967,1.3403136934237172,0.836079409087049,0.10368550368550368,0.8378378378378378,1.024839661107907
1.8353746949070961,1.9413382019511192,0.8072190606462066,0.10343980343980344,0.8648648648648649,0.8927986802943372
-3.093019710621618,3.108426006884894,0.6650841521185338,0.00737100737100737,0.05405405405405406,0.7060124371294997
-0.017439198221535446,0.571947668711996,0.8761331990727625,0.13046683046683044,0.9459459459459459,1.106143035153842
0.8600194307989479,1.3113133732398277,0.8613298405472212,0.1555282555282555,0.8918918918918919,1.1462026826679785
0.28898415950381984,0.721831345700867,0.7802919399898397,0.06142506142506142,0.5675675675675675,0.8739440840553923
-3.628834603216104,3.6608705473234764,0.7176378020748514,0.02702702702702703,0.2972972972972973,0.7369301898900182
5.434974065462847,5.487049856467209,0.9516407097826101,0.24398034398034402,1.0,1.191640453132856
-3.0498753890165964,3.202597773899456,0.8027936599504364,0.07323232323232322,0.6666666666666666,0.9955778146294596
-1.1307039907542544,1.4340887921850756,0.7947239978958218,0.10122850122850122,0.7567567567567568,0.9634590976652003
1.6164611505020563,1.8475800557602464,0.9357376022556,0.14275184275184274,0.972972972972973,1.1727932196087474
2.2138777790509914,2.3673748304112494,0.8168591117836463,0.09336609336609336,0.7567567567567568,0.9237673960968817
-1.434186253296638,1.6431159284840917,0.7452864932001876,0.059213759213759216,0.5135135135135135,0.8846994687698155
-4.1670545103734105,4.473904504226155,0.7567141271476933,0.06388206388206388,0.4864864864864865,0.8714833284533373
-0.24861432466178943,1.21619642526314,0.8211822228165787,0.08869778869778869,0.6756756756756757,0.9960488093294002
1.222853262521777,1.5296217418061566,0.7964976741850794,0.09606879606879605,0.7567567567567568,0.9473658125482698
-0.23138253722034022,0.9620251868923386,0.8203164511829301,0.10343980343980344,0.8108108108108109,1.027407295961543
-1.482675488674005,1.610517572032642,0.8393892781444231,0.08869778869778869,0.7027027027027027,1.031950969264039
0.2862935988617132,1.3303432889274345,0.931843331730618,0.1501228501228501,0.918918918918919,1.2759869226309692
2.4435093859270687,2.6693742481838054,0.9431618905379405,0.21941031941031938,1.0,1.3465729271804057
0.1757261583835613,0.8893290415293059,0.7702994922121885,0.07862407862407861,0.6216216216216216,0.9116556971764966
-3.176442322146046,3.176442322146046,0.7691540812957824,0.06142506142506142,0.4594594594594595,0.9109773529657609
-1.8157206025823378,2.0140301716068048,0.7984791883658059,0.09606879606879605,0.7027027027027027,1.020209667377611
0.18833682069099367,0.8386682181929779,0.7989485222986322,0.0764127764127764,0.7027027027027027,0.9256328774343703
-1.350480840596946,1.595122979795487,0.7386906108347371,0.06167076167076168,0.4864864864864865,0.8338998085292563
2.762738713988196,2.829464445337956,0.7927719050721773,0.09828009828009826,0.7297297297297297,0.9487202710131221
-2.5407463638815724,2.7631538620965874,0.8042533760146624,0.09606879606879605,0.7837837837837838,0.9171277603976059
-4.892687645250313,4.946912018046115,0.6848711351841029,0.022113022113022116,0.24324324324324326,0.6890526073435483
-1.8154143197761858,2.051575858747624,0.7392649012647559,0.044226044226044224,0.40540540540540543,0.8202169062139073
3.864623001090185,3.880051172576255,0.8870462201681559,0.17493857493857493,0.972972972972973,1.090088851176335
0.9674828329284868,1.1997944142785182,0.8422822526411708,0.11572481572481572,0.918918918918919,1.0343291711347142
-0.5916039748038845,1.159912010455995,0.7987207170931924,0.10343980343980343,0.7297297297297297,0.998787179332395
0.17009144005535867,0.7875877678019029,0.7850987279565755,0.08353808353808352,0.7027027027027027,0.9608728836994579
-0.8318329676804639,1.095720398264587,0.797732497455183,0.0714987714987715,0.6486486486486487,0.9591918165379196
2.6505753742799483,2.847038571969345,0.8486841139729769,0.12555282555282554,0.918918918918919,0.9643063195664066
-0.9877744017656216,1.3181082724608222,0.7678169810407041,0.06388206388206387,0.5405405405405406,0.931753520477574
-0.4699483545938183,1.0172598251669192,0.7765827910018683,0.07862407862407862,0.7027027027027027,0.9636483245902686
-1.6917809826967076,1.9800666270700615,0.8015593595822563,0.06388206388206387,0.6486486486486487,0.9721035073046816
3.9641938617872685,3.9793259096403646,0.9347281062889625,0.19459459459459458,0.972972972972973,1.2001154436282058
-4.994974092960075,4.994974092960075,0.6485632446591729,0.009828009828009828,0.10810810810810811,0.7096243908541038
-3.7282959096459187,3.7680599747314125,0.6339038974286146,0.012285012285012286,0.10810810810810811,0.5649845318888975
0.743314816686646,0.967133538236855,0.825371902834653,0.1108108108108108,0.8918918918918919,0.9747046996054536
-3.9838962013677515,3.9838962013677515,0.7083899848684607,0.02702702702702703,0.2972972972972973,0.7031313662667688
-0.49731057218499947,0.9575527184507107,0.8805027767311392,0.15036855036855035,0.972972972972973,1.2062528313731076
-0.9116422814514795,1.3377729347337601,0.8494557378484086,0.08624078624078622,0.7837837837837838,0.9157292078973237
2.6321566348843257,2.7015841132976584,0.9407709128971323,0.17985257985257985,0.972972972972973,1.2174469178708351
0.06762610235315321,0.7377207390512689,0.8148839459151167,0.10368550368550368,0.7837837837837838,1.061416499320794
1.2045064966265535,1.577813371797808,0.8185867219075331,0.1108108108108108,0.8918918918918919,1.0067889607271379
3.0589885158657806,3.150508299814136,0.8805368058488917,0.21449631449631448,0.9459459459459459,1.1540438510092736
2.425155068820757,2.5857637504909308,0.8579442929526037,0.18746928746928745,0.918918918918919,1.081339818967147
1.8147835223210644,2.1903277984015257,0.8064013344456639,0.11572481572481572,0.7837837837837838,0.993421379229584
-0.24460098674751637,1.3888938769540082,0.9096559796411107,0.1108108108108108,0.8918918918918919,1.0456589060281336
4.7472780625347735,4.847107743793026,0.9428189770224404,0.22457002457002456,0.9459459459459459,1.2147327957808336
-1.2984266718014816,1.4212683670561164,0.8539493821038646,0.10098280098280096,0.8378378378378378,1.0244934196497457
-0.5391813887300394,0.938132004802553,0.8571891683381846,0.12088452088452085,0.8108108108108109,1.0766811604040871
-3.7078379906303454,3.8557826746464583,0.8632179661132018,0.08624078624078622,0.8648648648648649,1.0106005039215749
-0.3489714445322244,1.151244215423838,0.7977560677029933,0.10343980343980343,0.6756756756756757,1.0198007506468398
-5.449016248982104,5.533158248468272,0.568968931374453,0.002457002457002457,0.02702702702702703,0.47686942087605233
0.7124045649483308,1.1400405212131586,0.7501962758976599,0.07125307125307123,0.5675675675675675,0.8660925065336992
-2.1722854040073702,2.2607336663650432,0.737146055091706,0.04176904176904177,0.40540540540540543,0.8164286219824372
0.269668608564283,1.0229388833817186,0.7576362882286485,0.06658476658476657,0.5945945945945946,0.8484414525960777
-0.862264014477307,1.3267343373886127,0.7699839912208912,0.07616707616707616,0.6216216216216216,0.9047561943253192
-2.0684492093350055,2.0709437642231423,0.8085188677515953,0.09877149877149877,0.7567567567567568,0.9541010748563873
4.6737812875856095,4.849910766371545,0.8906208450592754,0.21449631449631448,1.0,1.1122519503300434
-2.309962705840461,2.339207992265811,0.7449909363813456,0.03439803439803439,0.35135135135135137,0.810984111967753
-1.8325127623751236,1.877842972819065,0.7481745388313211,0.04668304668304668,0.4594594594594595,0.8060856516536916
2.832205291158548,2.9257608302009026,0.7861867453220395,0.08845208845208845,0.7567567567567568,0.9097221473032738
-4.021494745183411,4.1674303098686325,0.6643143000473555,0.01474201474201474,0.16216216216216217,0.7013763419621274
-0.3997962955998617,1.0204421933670225,0.9223528458641201,0.11572481572481572,0.918918918918919,1.149155133954659
0.23464717656938713,0.8188936787322563,0.8784025215829648,0.16535626535626533,0.9459459459459459,1.132339261253533
0.17496994233906785,0.8671615679240369,0.7784779323311671,0.06633906633906633,0.6486486486486487,0.9295663257238952
0.017807763430814555,0.6742352482320875,0.7575225473727263,0.07125307125307123,0.6216216216216216,0.9277048953601736
1.5701254747464921,1.6424371059605,0.8206976585667406,0.13538083538083537,0.9459459459459459,1.0071224377491064
-1.8104969229147194,2.0196161975203943,0.7133132907510698,0.02948402948402948,0.2702702702702703,0.7913376123538186
2.475072438657889,2.716517660231881,0.8837210094582267,0.17002457002457,0.9459459459459459,1.1828495194998445
0.5817484356985095,0.9569616752025091,0.7464820285135431,0.05405405405405405,0.5135135135135135,0.7808133827273834
-2.6644573663308813,2.9052933973679345,0.7886245659890821,0.06658476658476657,0.5945945945945946,0.8825210909315002
0.22118043151764963,0.950035333824071,0.7916947338925285,0.11056511056511056,0.7837837837837838,0.9966356743969527
1.1627597379952042,1.2306336947855974,0.8229577028777676,0.12776412776412774,0.8378378378378378,1.0277794572306782
-1.2209635608152158,1.327797499609352,0.7570710136090412,0.04176904176904177,0.43243243243243246,0.8496443786287532
0.912466112559285,1.2189934138307117,0.8174668025786443,0.13316953316953314,0.8918918918918919,1.0185239806289776
0.09704515799694421,0.8938490446450752,0.8599858024742171,0.15307125307125302,0.8648648648648649,1.0985116270123028
-0.1615430504428826,0.6508259077051246,0.7865829606618793,0.08353808353808354,0.7567567567567568,0.9401818853790681
-2.791393510530367,2.916495562233934,0.6580696237364007,0.009828009828009828,0.10810810810810811,0.6898787863969784
3.608525384307968,3.756122180637307,0.9426942649554477,0.18746928746928745,0.9459459459459459,1.225419588612441
2.539538767032683,2.5597595211820092,0.7973175366041243,0.10098280098280098,0.7837837837837838,0.884737739041504
-1.0994190384918738,1.1794027675757013,0.7882181607156116,0.07641277641277641,0.6486486486486487,0.9359623777359716
1.120108304061656,1.265649796534189,0.8081931352462062,0.10098280098280096,0.7837837837837838,0.9661763286620365
4.5704597692915785,4.597934823195203,0.8976047994706147,0.23415233415233416,1.0,1.1671990482153107
1.0132867975673083,1.39503720693612,0.9549234643977276,0.17248157248157245,0.972972972972973,1.299408649152019
3.6376821311503558,3.6376821311503558,0.94320926585953,0.17960687960687957,0.972972972972973,1.1108177740498235
2.714634590003564,2.745015842060527,0.8331068970221931,0.1452088452088452,0.918918918918919,1.0972399148719587
0.689563099863471,1.2732251938767452,0.7564384730273338,0.06633906633906633,0.5135135135135135,0.8307885712794283
4.067046108211962,4.073927386521811,0.8492715409485956,0.17985257985257985,0.972972972972973,1.0687472353646
3.115019070005722,3.1155019044171275,0.8146926442932461,0.13046683046683044,0.8378378378378378,0.9736088167202445
-4.053394086505696,4.166799146570166,0.746570754261027,0.04176904176904177,0.4594594594594595,0.8195314468311584
-1.5174969169462054,1.5584864489188388,0.7920446408342897,0.08585858585858584,0.75,1.0269674595827476
-3.1229414641000695,3.1229414641000695,0.7478162523056295,0.05896805896805896,0.4594594594594595,0.8862870892663552
-0.1867508669706816,0.8902355621337569,0.8157914540955193,0.12088452088452085,0.8378378378378378,0.9795830537069843
-2.493418620166356,2.493418620166356,0.7378249848335053,0.04176904176904176,0.40540540540540543,0.8019359034369596
1.0660107278532287,1.1087560678979802,0.8173458213405502,0.12088452088452088,0.8378378378378378,0.9854033695681155
0.22361786782743978,1.1423273398073956,0.7869061505038039,0.08108108108108107,0.6756756756756757,1.0412528742567366
-2.989935527211024,3.0019772628241888,0.8320294515197854,0.08869778869778869,0.6756756756756757,1.0089653120746227
5.193434683297721,5.273213177004786,0.7940671014868596,0.1253071253071253,0.8378378378378378,0.8096188222445888
0.8988190032204194,1.8068636665551272,0.7940242153510856,0.1031941031941032,0.5945945945945946,0.9035114633432102
-2.6753711949035335,2.7018071645704884,0.7237235670080547,0.039312039312039304,0.43243243243243246,0.802686669995318
0.432873836174025,1.0952304510834596,0.8547863821270081,0.15036855036855037,0.918918918918919,1.1018440680490036
-0.4500928869223085,1.0034919187713307,0.7567209201546311,0.056756756756756746,0.5945945945945946,0.8644661397103562
0.8915798143260263,1.7932664843773447,0.9224822653577415,0.14520884520884517,0.918918918918919,1.2582481157895729
1.6967529978150189,2.0777312921703452,0.9213686499676522,0.11326781326781325,0.918918918918919,1.1146813760486607
-4.6626690315684955,4.665257328364314,0.5855818191902087,0.00737100737100737,0.08108108108108109,0.5064168098008951
-2.854217968026193,2.898713196547127,0.718678386943397,0.031941031941031935,0.2972972972972973,0.8210573696209831
0.33523496549979154,1.2913725058058516,0.9426697122281501,0.16265356265356265,0.972972972972973,1.227317446215606
-1.2681315242685627,1.8170954646946198,0.8274867560165559,0.10835380835380834,0.8108108108108109,1.052408419127304
0.9216064604619858,1.6942552549880225,0.8723118771892139,0.15282555282555282,0.9459459459459459,1.0698210303535018
-0.1601144597972392,1.1235205896907254,0.7744798598666814,0.08599508599508598,0.6756756756756757,0.9471648284640487
-1.5178426665691571,1.8509700069425825,0.769932839048023,0.0714987714987715,0.6216216216216216,0.8241273213622584
-0.1753035847075565,1.0872775479391357,0.775576750629897,0.06904176904176904,0.5675675675675675,0.9290363258223856
-2.571185134404085,2.6437522950677197,0.7502613234667473,0.04914004914004914,0.4864864864864865,0.7714760733585305
-1.035702402812268,1.0494442683687357,0.7330748975554278,0.031941031941031935,0.32432432432432434,0.7666287200440666
-1.0648106728455162,1.295227264802957,0.7774874757555745,0.06388206388206387,0.5675675675675675,0.8732721750476513
-1.5494853529341581,1.7791288797420364,0.7568125806465142,0.06167076167076166,0.5945945945945946,0.9300698952815964
0.3518519449719248,1.1369465432169878,0.8353119115867333,0.16240786240786237,0.9459459459459459,1.089913428142517
2.155867618108384,2.376402243505653,0.8631746363291285,0.13808353808353807,0.8648648648648649,1.0193839360441266
-0.9470722434684479,1.4572451149166878,0.930632100068791,0.14275184275184274,0.9459459459459459,1.1616229135075347
2.836320785099235,2.9517720385215367,0.8155261976211533,0.14299754299754297,0.8648648648648649,0.9948087646848283
0.2712673492247198,0.9599477109332032,0.7996706069045372,0.09852579852579851,0.8378378378378378,0.9953355178365912
0.8056781158271196,1.2505590539249116,0.841706279700575,0.10098280098280096,0.8108108108108109,1.003466364151659
2.0483446587478156,2.145331847583157,0.8939254244138279,0.17272727272727273,0.972972972972973,1.1685088419198852
-0.3211612500762473,1.1080222986188308,0.796751982568727,0.07641277641277641,0.7027027027027027,0.9249629887395353
1.3190411412230028,1.5171537468531304,0.7910790165924314,0.08869778869778869,0.7297297297297297,0.8983007201997009
5.895179131703156,6.012555905508501,0.9364163439344626,0.21941031941031938,0.972972972972973,1.225228570488442
0.8109120716539635,1.3083960290050305,0.9481477695755063,0.17985257985257985,0.972972972972973,1.2939966077866745
-3.1873059193225597,3.500768947049524,0.7346916939188368,0.053030303030303025,0.4722222222222222,0.8097397590986773
-3.8831797491605817,3.8831797491605817,0.6966585396796166,0.009828009828009828,0.10810810810810811,0.742397347648015
4.887362175547739,5.1662976259769655,0.8047130985243371,0.12825552825552824,0.8378378378378378,0.7991590752546014
-1.8197647145901237,1.9070716055478956,0.7220240346401442,0.022113022113022116,0.24324324324324326,0.7978435140738227
-1.1735137670522509,1.3882434647003585,0.8699594582715509,0.12334152334152333,0.8648648648648649,1.1686028811904223
-0.10429580116132313,1.2585100536874776,0.7858920812269243,0.08845208845208845,0.6216216216216216,0.9117835625797802
-3.0892081907870246,3.1366287406044746,0.7564503606981511,0.04938574938574938,0.5405405405405406,0.8844555408312462
3.8563672336446273,3.9423563286274974,0.8762318122236734,0.20687960687960685,0.9459459459459459,1.152402894305846
2.962604483613113,3.2300477614754457,0.9251838097767983,0.16756756756756755,0.9459459459459459,1.178845218302952
0.27682399226851917,1.4571440090101224,0.9279888388621684,0.17002457002457003,0.8918918918918919,1.3319828618610394
-0.738330364402373,1.056830103132402,0.7970917373752175,0.08378378378378377,0.7297297297297297,1.0297705582448275
-2.456054204559508,2.506596583673315,0.7680938579203197,0.06142506142506142,0.5135135135135135,0.9192577280877174
-0.4087058157149164,1.3127492335415194,0.7955620867269964,0.09336609336609336,0.7027027027027027,1.0290704237480512
-3.445384878084209,3.5389948968928837,0.6558093091711165,0.0171990171990172,0.1891891891891892,0.6157869206625115
3.1612806441713728,3.162701224476976,0.8058642638833373,0.12309582309582308,0.8108108108108109,0.8904968392353965
-4.541877890872722,4.60816173881598,0.7055389177527868,0.024570024570024572,0.2702702702702703,0.7361227222865327
1.7681286210266356,1.9825445553173076,0.8425510270430152,0.1577395577395577,0.8918918918918919,1.0832049373496524
1.0832408431740401,1.414182344900335,0.9363300115574535,0.1257985257985258,0.918918918918919,1.1553089519214634
-4.757428725539769,4.757428725539769,0.6160957500641985,0.004914004914004914,0.05405405405405406,0.5908672455715372
-2.749165617548728,2.8661543471734774,0.7105280130582032,0.02948402948402948,0.2972972972972973,0.7954009599183282
-0.04290589454886969,1.0263607470917462,0.8581277654367406,0.10614250614250613,0.8378378378378378,1.0544645242544561
0.13841565334045336,0.7961147844951382,0.769246987606649,0.07616707616707616,0.5945945945945946,0.9148860809593905
-2.2628272570239125,2.2947379525060363,0.748816369391349,0.04914004914004913,0.5135135135135135,0.9361147590055502
0.7006515880506896,0.9874352804276767,0.7924818850458397,0.08624078624078622,0.7567567567567568,0.9603946715145507
-1.9996303539134548,2.3308571652510603,0.729655346140145,0.036855036855036855,0.3783783783783784,0.7812612257697409
2.9380484667681235,2.9994150323132605,0.8573687286275409,0.13292383292383292,0.8918918918918919,0.9395305558009678
4.749788508951526,4.91891963577272,0.8394838931184654,0.17248157248157245,0.972972972972973,1.0230847610899036
1.2869730519446567,1.7175020402022916,0.9015240130713983,0.1872235872235872,0.972972972972973,1.2565534904072073
-0.5499890752821661,0.8143821058318647,0.7988219068202235,0.09336609336609336,0.7297297297297297,1.012808605389538
0.4098201629964171,1.4117808364515314,0.8132391895864693,0.12309582309582309,0.7567567567567568,0.9963331796782647
1.9002247199114108,1.924272773751631,0.8065888886924999,0.13808353808353807,0.8378378378378378,0.9768155512286187
2.8805459295675924,3.0295886734043354,0.8354445623310462,0.15257985257985257,0.8648648648648649,1.0233026094733901
-3.028852968594106,3.0732042865168525,0.7857354236927346,0.06412776412776411,0.6486486486486487,0.855563482579356
-0.24619463451335208,1.6268516877690562,0.8210354228450564,0.11547911547911548,0.7837837837837838,1.0430096276644607
-0.7168348661774685,0.988731074858239,0.7949325247910581,0.06879606879606878,0.6216216216216216,0.9528351894027143
3.5026812490516748,3.512332861784809,0.9433483091248318,0.21179361179361175,0.972972972972973,1.259790841825896
-1.022155717920648,1.4482493491135682,0.7789265382483346,0.07886977886977886,0.6756756756756757,0.9163987537437552
-1.3686833440733002,1.4834046615099294,0.7994773280986003,0.06412776412776412,0.6756756756756757,0.952509548341153
-3.4928234572551116,3.514345398666676,0.7152920219424256,0.02702702702702703,0.2702702702702703,0.7929929518414663
0.1922233385286194,1.0369131503210918,0.7591762716652137,0.06633906633906633,0.5405405405405406,0.8647313352722429
2.8313225095903753,2.8576674446969763,0.9364297630261865,0.17739557739557738,0.972972972972973,1.1686285306136608
-0.585936440636376,0.9349977508617227,0.8826646406479253,0.1212121212121212,0.9166666666666666,1.193359453969564
1.0227267999522545,1.4273531669437354,0.8113824058036324,0.13316953316953314,0.8108108108108109,1.0668945641307657
-0.5471511489928576,1.265432324690884,0.8724085949284972,0.13808353808353807,0.9459459459459459,1.074516941486415
2.162825373346662,2.3347195483902294,0.8347831803152571,0.1329238329238329,0.918918918918919,1.059668209497612
0.4827616448431683,1.0969677464266583,0.7866225020101981,0.08624078624078624,0.6486486486486487,0.9702540514151533
2.1086906948845803,2.2221667366349798,0.9206948664436884,0.11326781326781325,0.8648648648648649,1.1164183181587257
-0.6611801991195263,1.0421651217661612,0.7885526438757695,0.07395577395577395,0.7027027027027027,0.8842666303820426
1.0134020458674986,1.4429792891690063,0.8337398146047864,0.12825552825552822,0.8648648648648649,1.0484407599302457
3.4143688202777573,3.5504687665677706,0.8902441745477397,0.19950859950859948,0.972972972972973,1.1840975874022204
-0.5549690652027948,1.1991707913488694,0.7688546374866696,0.04914004914004914,0.4594594594594595,0.8888491425734181
-2.780796776120229,2.780796776120229,0.7568020985249957,0.04914004914004913,0.5405405405405406,0.9008934133592238
-1.7495016150047877,1.898474917188469,0.7931429470059439,0.09877149877149877,0.7567567567567568,0.9845258206944094
0.9955248444795886,1.1807086049782354,0.8648373487010912,0.10343980343980343,0.8378378378378378,1.0590178514995157
-0.08427612646946288,0.6904681551007356,0.7613067622251378,0.06633906633906633,0.5945945945945946,0.8579593101707508
6.08635461302005,6.198582462416316,0.8813070491456143,0.23660933660933658,0.9459459459459459,1.0750746335504269
0.6078300299390123,0.8751437105668419,0.8269117453311324,0.14275184275184274,0.8918918918918919,1.1002455779663955
-1.8576280800274183,1.8835256714964383,0.8238469951435017,0.06658476658476657,0.7027027027027027,0.919865988058042
7.942895815668464,8.001310811425062,0.9515310876156204,0.3007371007371008,1.0,1.1727581075690414
4.081724845776682,4.090526681007088,0.8259523136910072,0.17493857493857493,0.918918918918919,1.055081513182447
-1.1553157708210315,1.4021506855949826,0.8188170181805545,0.09115479115479115,0.8378378378378378,0.9913847395128312
-4.781082271667099,4.825074691730949,0.6575328138929789,0.02702702702702703,0.2972972972972973,0.6714033228130131
0.2774304982366938,1.2397163601845653,0.9339222232290694,0.13316953316953314,0.9459459459459459,1.2711488420168078
-2.6865532169100907,2.7908304791663245,0.6921052507467295,0.02948402948402948,0.2972972972972973,0.6999686524970169
3.921320534737653,3.9340535738992637,0.9128015345347672,0.2142506142506142,1.0,1.245732882953935
1.3209594440394736,1.3634263391402974,0.8313867975656354,0.11842751842751843,0.8918918918918919,0.9909416504068784
-3.3824172524283944,3.3824172524283944,0.7566376497866605,0.05184275184275185,0.4594594594594595,0.9028665725742148
1.3649479559783564,1.639754165185756,0.7923197887612397,0.11056511056511056,0.7297297297297297,1.0186335636874142
1.5923831171427925,1.7672669030575878,0.8691130983984895,0.17764127764127763,0.918918918918919,1.1624444347751985
-0.912248995120643,1.103671828154186,0.7687953066743393,0.0737100737100737,0.6216216216216216,0.9883147273144868
-1.1041922604523489,1.4282135298780652,0.8091992822514804,0.10589680589680589,0.7567567567567568,1.0303788891596974
2.943852565686486,3.094725844142006,0.9341164254848241,0.20712530712530708,0.972972972972973,1.334108630636812
1.2044634637528868,1.5060526269537489,0.810842207441818,0.12063882063882062,0.8378378378378378,0.9821626110982115
-4.555798629262348,4.635836573991909,0.6456767215824094,0.012626262626262626,0.1111111111111111,0.6742448331427504
-0.3905191253497821,1.0244882657136227,0.7739490123033367,0.07125307125307123,0.5945945945945946,0.9393592157499789
1.364008637438767,1.4154420030324748,0.8123115815110681,0.10343980343980344,0.8918918918918919,0.9280039152179864
5.392029547872122,5.571755391526537,0.8393666940994088,0.16977886977886975,0.9459459459459459,0.9839453938691912
2.2399126066504964,2.380247253305036,0.9224477022585226,0.13783783783783782,0.918918918918919,1.0914965226914994
0.3057306169745854,0.8434902763072959,0.8308644183095389,0.11572481572481572,0.972972972972973,1.0575126350644188
-2.8129799376809346,2.942948013639923,0.9180971368432578,0.09852579852579851,0.8918918918918919,1.1603363500941093
-1.3842488222335365,1.6457884987677092,0.7770140440040114,0.08108108108108107,0.6216216216216216,0.9916104632218892
1.559622459343648,1.7046636900036976,0.8229618960414665,0.10589680589680588,0.8648648648648649,0.9378842763691385
-2.3365891105890886,2.4353219721073556,0.6534180643548495,0.01474201474201474,0.16216216216216217,0.5644080327946999
-0.8748636302020982,1.1628263087662525,0.7679525840773349,0.05429975429975429,0.5675675675675675,0.9049310936576209
-2.066305499422377,2.3503082463841314,0.7735687086824193,0.08132678132678132,0.6756756756756757,0.8706154244172692
-1.1396627096250544,1.3737789938133995,0.7389318964810617,0.03931203931203931,0.3783783783783784,0.8053283876995158
0.8926185847443009,1.353377035738884,0.9156131915080911,0.12063882063882062,0.8918918918918919,1.1464699894454884
1.6291131080340484,1.7320366637464402,0.7646107226054292,0.06388206388206387,0.5405405405405406,0.9205859349552786
-1.0310637739651167,1.4435787315620652,0.8136346876802003,0.09115479115479114,0.7297297297297297,0.9521818683648368
-0.7088038121170516,1.1086250706638403,0.8429533996442964,0.12825552825552822,0.8918918918918919,1.022322187632718
-2.5385812063064335,2.6352778219282516,0.7107425001185731,0.03439803439803439,0.35135135135135137,0.730487992191616
-0.54053348975309,1.349633099127926,0.7932629839093938,0.10835380835380834,0.7837837837837838,0.9991978729584321
-0.8121885095844521,1.1662833229435705,0.8144307432003612,0.11105651105651104,0.8648648648648649,0.9932050244703305
1.7411114922921949,1.8420105010210939,0.8247608250584451,0.11081081081081083,0.8918918918918919,0.978675072060905
2.292729223521052,2.292729223521052,0.8389558949764457,0.14545454545454542,0.9459459459459459,1.0430925937465771
-2.9009434568498285,3.2958476955599236,0.8658138812160384,0.09852579852579851,0.918918918918919,0.9835197340876324
0.8538760134013007,1.3147545475739073,0.8125883994162627,0.12063882063882062,0.7837837837837838,1.0828243236907857
-0.7859856300919162,1.237827157185515,0.8032268820830559,0.10835380835380834,0.8918918918918919,1.0541940883332848
-3.714497710935678,3.908282493105572,0.7032721287199567,0.05651105651105651,0.3783783783783784,0.8423791838080621
1.8618756129224734,1.9948305045330479,0.8598246442479777,0.13808353808353807,0.972972972972973,0.9973818450590609
1.3398576249411247,1.5475516427265898,0.8828229948842947,0.142997542997543,0.8918918918918919,1.0736521462439963
2.68592408578444,2.7185395243027783,0.9210598656027327,0.13538083538083537,0.918918918918919,1.102084239558533
-1.685972525903289,2.346697740694529,0.7948954077982031,0.0909090909090909,0.6944444444444444,0.914616922479647
0.06724646263384258,0.8857175544352381,0.8477415281520368,0.1108108108108108,0.8108108108108109,1.0132975421053765
0.3707393434497318,1.2947176338367903,0.8462070048050878,0.15773955773955772,0.8648648648648649,1.1145621021059744
-0.8619671764866532,1.2198407840971683,0.7813508242652266,0.07149877149877149,0.7297297297297297,0.8836031178304203
-1.9111294149495195,1.959147804409868,0.8094323045323991,0.08378378378378377,0.7837837837837838,0.9479809691331164
3.626855079902252,3.708987757218661,0.9396449997201188,0.19950859950859948,0.9459459459459459,1.2712797605488773
-1.0402804137262491,1.2401867162447613,0.8031042457905524,0.08108108108108107,0.6486486486486487,1.008973656728979
1.8626919740849814,1.9143385562576585,0.867579210232497,0.15749385749385747,1.0,1.0472215739464314
1.8009180551988657,1.8380902335884357,0.8936607558957932,0.20712530712530708,1.0,1.2445607169585349
-0.8763719404815699,1.0254852728342476,0.8391644978450449,0.09852579852579851,0.8108108108108109,1.0208450908148965
-2.9136362402768827,3.269464144440947,0.773397123566311,0.07125307125307123,0.5945945945945946,0.8710204275398586
2.228269517049516,2.426331602895884,0.8699623201526905,0.1651105651105651,0.918918918918919,1.1252453303365
4.603973798515094,4.757425666188011,0.8434139326875115,0.1823095823095823,0.918918918918919,0.9844258122149865
3.56733377233574,3.650785484716024,0.8145223993888779,0.15257985257985257,0.8918918918918919,0.918153654184815
-1.861754501152696,2.0241002674238064,0.7582506934913854,0.0592137592137592,0.5675675675675675,0.8082479793491288
-1.6230021897971916,1.6850022168025511,0.7386362220484193,0.044226044226044224,0.4594594594594595,0.8533287525870465
-2.2482446651437824,2.2644913557119013,0.7516466532557052,0.05159705159705159,0.5135135135135135,0.8683015864426175
-2.915012979456069,2.928561327788159,0.7654495469651852,0.0542997542997543,0.5675675675675675,0.8604833919286523
-2.5853346285103953,2.7514962521747695,0.8476344823180555,0.11572481572481572,0.8918918918918919,1.0726076364613888
3.0237778300841556,3.0237778300841556,0.9233797823643626,0.20466830466830463,1.0,1.2477543163827347
-0.6504663059364671,1.2530379709467396,0.7716111160877663,0.08353808353808354,0.5405405405405406,0.9526468935191204
-0.14177628396354205,1.3573584474362312,0.8531144339103356,0.13808353808353807,0.7837837837837838,1.1391568474644709
-2.7525222862207803,2.826204731421083,0.7633169831259585,0.047979797979797977,0.5,0.8686159457276982
1.2744467606732033,1.7746108679719967,0.7608505882402112,0.07616707616707616,0.6486486486486487,0.9404024324735274
-2.256163111398001,2.3495089810892855,0.7410377798009569,0.044226044226044224,0.40540540540540543,0.7778857866858241
-1.6581668085156316,2.008604346511153,0.7725604388036911,0.06142506142506142,0.5675675675675675,0.8378203914115446
-3.1846150344018014,3.198935868858656,0.6320821274744747,0.002457002457002457,0.02702702702702703,0.5790712669546051
-1.298528089674818,1.5079299615338138,0.7751545394788071,0.07616707616707614,0.6216216216216216,0.9313779112582704
0.7992564259187173,1.6969547831398961,0.8689544725321436,0.14545454545454542,0.918918918918919,1.1555477416289455
1.8053400168117302,2.113944820449303,0.8425007760128859,0.15528255528255525,0.8648648648648649,1.1370198536242235
0.21130605343986353,0.7201940101451362,0.7894978839245075,0.08599508599508598,0.6756756756756757,1.0463449103000664
-1.1676468228555719,1.269665684063114,0.7939180841920475,0.07886977886977885,0.7297297297297297,0.9816170714048329
-2.084174101980034,2.2714312599830726,0.8145296558911514,0.10589680589680588,0.8378378378378378,0.9693598916887496
-3.329057722517988,3.329057722517988,0.7283186711896507,0.02948402948402948,0.2972972972972973,0.744191602546744
1.7898367939185253,1.8990209447359472,0.8307256014194964,0.14275184275184274,0.918918918918919,1.0063322445545428
0.6439568974756638,1.0906138724482677,0.7808360184072294,0.09361179361179359,0.7027027027027027,0.966033777887624
0.5004941279727894,1.4002245803969713,0.8568428461878345,0.12088452088452085,0.8108108108108109,1.1075846475187374
-1.3563162890321234,1.4796098238997544,0.7599725221127739,0.06142506142506142,0.5405405405405406,0.8419463952892854
-0.6825825768463107,1.0757973312974003,0.7734767457100565,0.05896805896805896,0.5675675675675675,0.8659394652332739
1.8827057866693775,1.8917886939696764,0.818761929828175,0.13292383292383292,0.8108108108108109,1.0147810772834935
4.1169856311802695,4.203949394572604,0.8422660260171653,0.16732186732186732,0.9459459459459459,1.0206447070514184
-0.8827320437091611,1.2444171881717117,0.8009281667337699,0.09582309582309581,0.7567567567567568,1.015421101911302
0.09825233481149243,0.8107861643917058,0.8083903310851088,0.11572481572481572,0.8648648648648649,1.037806538745499
-3.329558084736072,3.491245796647418,0.6993747904736658,0.0343980343980344,0.2972972972972973,0.8023750704355732
2.098568389945111,2.166523899826971,0.8266765071576015,0.15503685503685502,0.9459459459459459,1.0979036892650411
-0.06556397729122306,1.7138800590228402,0.7555027062375085,0.07125307125307126,0.5135135135135135,0.8542818848929858
2.1322712514406716,2.447639004401079,0.8374862608967697,0.16265356265356265,0.8918918918918919,1.0938294722095159
0.38890949821882836,1.161502492266489,0.8767423251520867,0.12063882063882064,0.8378378378378378,1.1140072456879377
-0.8280732118480004,1.1808200349585267,0.7366248631805246,0.06142506142506142,0.4864864864864865,0.8913181812540838
1.483508019534586,1.8402354745164085,0.8161300462796403,0.11326781326781325,0.7297297297297297,0.9933789054092917
-3.8012793609320883,4.045617587560599,0.670368836363891,0.0303030303030303,0.25,0.7292444450559176
0.25780147724802527,1.0715937725103917,0.7726451509852014,0.07886977886977886,0.6216216216216216,0.9396871448874454
0.23010974865510436,0.9803525163763563,0.7381561086577445,0.03931203931203931,0.3783783783783784,0.8528149834351221
-3.868985359670179,3.9392331234468942,0.706905080577274,0.034398034398034405,0.2972972972972973,0.7995093559362884
2.590800115575835,2.68508390941961,0.8096917700915403,0.113022113022113,0.8378378378378378,0.909357380533933
-1.5764180461357995,1.6379944258594636,0.7305180437917718,0.0542997542997543,0.40540540540540543,0.8749582174377397
3.7308069452879646,3.8242473469494147,0.8158898107775074,0.14545454545454542,0.8648648648648649,0.9409543690505949
2.546256105422895,2.546256105422895,0.8133055706110786,0.1302211302211302,0.8918918918918919,1.029932340900949
0.4266533853425127,2.0497254163215644,0.9231476755915193,0.14766584766584767,0.8918918918918919,1.15496387007652
-0.8450396423986072,1.0976320604939431,0.795475476585394,0.06904176904176904,0.6486486486486487,0.9339138249687987
-1.564160633833171,1.5940994199905465,0.8383243606686488,0.11351351351351349,0.8108108108108109,1.0385861739675313
0.4811431632689445,1.0144278419649175,0.8114120410881149,0.1108108108108108,0.8648648648648649,1.0084536094359342
0.34009613279204665,0.769331394144021,0.7749524964857646,0.06879606879606878,0.6216216216216216,0.8420821425029149
0.15003616259550634,0.6476572676970183,0.8360582839166111,0.13316953316953314,0.918918918918919,1.0572813141911075
-3.5863267836168733,3.6931568075183265,0.7753233394963557,0.0737100737100737,0.6486486486486487,0.9412049469689052
-0.983522815752339,1.3699076902091136,0.9438149946464088,0.15257985257985257,0.9459459459459459,1.291699339347268
2.7582605456416327,2.8998154271962857,0.7898879679159403,0.10565110565110562,0.7297297297297297,0.9112248292946895
-0.7979210809840344,0.9941599412499361,0.7517329960392402,0.044226044226044224,0.43243243243243246,0.7847145588558783
2.5457724921257503,2.8566017026206176,0.8300109962425423,0.15257985257985257,0.8918918918918919,1.0969388795755624
0.8051398004083677,1.3556161738624133,0.8730865922458387,0.15036855036855037,0.918918918918919,1.1078777335391963
-2.3303721402127597,2.387466766898186,0.7186671964289207,0.05675675675675676,0.5135135135135135,0.7551829953751562
0.3325115525568001,1.0365638122187186,0.8212565087941932,0.12800982800982802,0.8918918918918919,1.0471588109854846
5.672007403458103,5.828811982952749,0.8651053722344333,0.23194103194103194,0.972972972972973,1.0701290516198536
3.7835157142962346,4.001478136882686,0.8108657677855555,0.14275184275184272,0.7837837837837838,0.9402089396195658
-1.213465801232598,1.3761981550096178,0.8266829920716433,0.06904176904176902,0.7567567567567568,0.860330120390812
-0.11887799052954975,0.692785889731909,0.821324803839511,0.10098280098280098,0.8918918918918919,0.9807070107121278
-0.25042295258207364,0.9026908481406967,0.7278289514896867,0.044226044226044224,0.32432432432432434,0.7937676289578623
1.9231899566937025,2.1119951961375176,0.7566547536099539,0.0737100737100737,0.5675675675675675,0.8258030100770107
-4.022750685105859,4.030922110232009,0.6423518199977523,0.031941031941031935,0.2972972972972973,0.7021417389895724
-1.9752122509156438,2.294234266327631,0.6842972860772691,0.03931203931203931,0.35135135135135137,0.719413788912533
-3.046358193540613,3.046358193540613,0.7504197240356769,0.04938574938574938,0.5135135135135135,0.7905127541170668
0.3129222237088115,0.9246319505234513,0.8328759962169017,0.06904176904176904,0.7567567567567568,0.9402876487298584
5.497608077154704,5.550261263736461,0.9599730519497792,0.23439803439803442,0.9459459459459459,1.2232563168899633
-3.5881015378776238,3.635095098304386,0.83117513745004,0.08838383838383837,0.8055555555555556,1.0001955887758542
1.4570864576335596,1.8543697216663757,0.8072968889620034,0.142997542997543,0.7297297297297297,0.9434476241582064
-0.5422452899332444,0.6557180606871194,0.7964573532524404,0.07641277641277641,0.7837837837837838,0.8987742202384952
0.8622426278238441,1.027306600538173,0.8735751707758003,0.13538083538083534,1.0,1.1180824179686937
-0.027289777327085353,0.8336846969373712,0.8057269599668299,0.09606879606879606,0.8108108108108109,0.9656986347756966
0.4475689281164298,0.9100325029285359,0.7616343153790271,0.05896805896805896,0.5405405405405406,0.8799971127583728
-2.1408156644566807,2.2549241470105996,0.7000479349560259,0.02948402948402948,0.2972972972972973,0.779214203014212
0.6713373444790137,1.6172236166660632,0.8436192795055208,0.14054054054054052,0.7297297297297297,1.1153867859991045
-0.9173260075367872,1.186403492973108,0.8536694928103307,0.10122850122850122,0.8108108108108109,1.060731038595339
1.4528816770147654,1.731416450141941,0.9573347275211642,0.17739557739557738,1.0,1.2891333462689516
-0.08820397080084375,0.7898752478657688,0.7351604994369204,0.044226044226044224,0.43243243243243246,0.7820752879712106
-2.9580268413040836,3.0386884052445984,0.9045184982817629,0.08132678132678132,0.8648648648648649,1.065099726281327
0.4004625143452654,1.077585080035688,0.7920381772534659,0.09582309582309581,0.7567567567567568,1.058325532480819
1.2306736385256896,1.5353961262236149,0.737887498798523,0.04914004914004913,0.4864864864864865,0.7834788931318062
1.4048697500742597,1.493846859693729,0.8465581913540129,0.14299754299754297,0.918918918918919,1.0769627958834516
-0.35848902434153884,0.8664633793010089,0.8379992656654881,0.12334152334152333,0.8918918918918919,0.9999987877199206
-2.5940293222364668,2.8265912653910013,0.7137779939295157,0.02948402948402948,0.2972972972972973,0.691202089111473
-1.032640046760807,1.0978716415594132,0.8199711621787704,0.11351351351351349,0.8378378378378378,1.0538741027106553
2.509854430144998,2.6091326626600106,0.8197063260630046,0.12285012285012284,0.7567567567567568,1.0074514627737867
3.132033805875342,3.373473153229096,0.8296246770102134,0.14299754299754297,0.9459459459459459,1.043972706609241
4.3626307709899885,4.3626307709899885,0.8545933470377112,0.18476658476658472,0.972972972972973,1.0306358345501685
-1.6069830429303589,2.02155785759882,0.8362271554415706,0.1292929292929293,0.8888888888888888,1.0088887808910467
0.15983942960740402,1.0189611704164627,0.8115997285235561,0.10835380835380834,0.7567567567567568,1.0481589270169525
3.431198653548249,3.5168210751967655,0.9308263344277469,0.14275184275184274,0.9459459459459459,1.077612215114178
0.9857067464121055,1.4669987961185535,0.8094136900075058,0.10343980343980344,0.7027027027027027,0.9443057655182335
-1.4985576705662764,1.5898966737098212,0.7726667548416609,0.06388206388206387,0.5675675675675675,0.8953244033916695
3.081397731144727,3.0841888292978425,0.8794042277947227,0.16019656019656017,0.918918918918919,1.0558882699539847
2.725587588550405,2.946703513151066,0.839852226544775,0.17518427518427515,0.8648648648648649,1.0959922991476831
-1.0951118929069639,1.641720225210692,0.8180536103388982,0.09828009828009826,0.7567567567567568,1.0553920436290924
-0.1214013647686664,1.0770917820973136,0.9302727832317716,0.1108108108108108,0.8918918918918919,1.16129414422043
1.95948387802325,1.9990503130329622,0.7853118138933478,0.08378378378378377,0.6756756756756757,0.9224832329545134
4.300876932651165,4.587682138419331,0.7926450478163173,0.13046683046683044,0.8108108108108109,0.9357343258250974
1.0440988916117653,1.3552718916904745,0.8052728230936103,0.11572481572481572,0.7837837837837838,0.9877004726735114
2.475150367537695,2.5814902377400983,0.8009659564260343,0.10098280098280096,0.8108108108108109,0.9178133813952929
-3.88948600529678,3.9059735981676678,0.7418360899623984,0.04447174447174447,0.4594594594594595,0.7403558519436221
-0.11284438706827707,0.9197915373406639,0.7971298586676842,0.08378378378378377,0.6486486486486487,0.9836507963172909
-1.3824838458930706,1.4053024669011445,0.7264548068369405,0.036855036855036855,0.32432432432432434,0.7938443302235137
-1.700834574612762,1.7607777534977398,0.744491786135649,0.05651105651105651,0.4864864864864865,0.8058236935104177
1.77074911718241,2.0732963646625486,0.8448012042464826,0.12334152334152333,0.8108108108108109,1.0456648493810676
-1.3970384283890431,1.5560364180817066,0.7466860575181734,0.051597051597051594,0.4864864864864865,0.7724735596846823
0.4674160362279532,1.2630959824619277,0.781929557080181,0.08378378378378377,0.7837837837837838,0.9572726493099716
1.529370689541431,1.5625671341725107,0.7713569455408039,0.08599508599508598,0.7027027027027027,0.8046821087762767
1.2245045842491713,1.5408498026030475,0.8694933293632979,0.15307125307125302,0.8648648648648649,1.0533256084805915
1.51997675163119,1.6094215053291192,0.801222130845137,0.10098280098280098,0.8378378378378378,0.9220346805968107
0.48827005795255424,1.0995170108110233,0.8189806912646693,0.11547911547911548,0.8918918918918919,1.0463324702162426
2.248203515797183,2.330984232506471,0.782148556636168,0.10098280098280098,0.6756756756756757,0.9210341085441687
-0.5232426948479277,0.9136358575884166,0.7677009317744903,0.07371007371007371,0.5945945945945946,0.908707838115253
1.4053290603629138,1.8071422526559437,0.8563609282966574,0.1823095823095823,0.9459459459459459,1.1345214097038592
-1.494542709160342,2.4039041084995985,0.7782044684190272,0.0886977886977887,0.6216216216216216,0.9470447818085609
2.9710886660664344,3.079829671169973,0.8289874785649567,0.1479115479115479,0.8918918918918919,0.9192008358850406
2.4741682753392253,2.5141822317817533,0.8771460357068569,0.14766584766584764,0.972972972972973,1.0931964398150111
-1.1950373022441438,1.485231739010332,0.7669494849137101,0.06658476658476657,0.5675675675675675,0.9462300879880972
0.8815323012274145,1.2081517557294994,0.8833562004240486,0.11572481572481572,0.8648648648648649,1.0713592538485734
1.2494138700718487,1.5500460731230243,0.7849529706395045,0.09877149877149877,0.6486486486486487,0.9763756199422767
0.573740703046098,1.3226001291121383,0.9139227642742137,0.09115479115479114,0.8648648648648649,1.0554459889304866
0.19419881951767454,0.7577849679086965,0.7884052456819962,0.08132678132678132,0.7027027027027027,0.9665237572215974
-3.8164925727455463,3.8164925727455463,0.643060734078301,0.002457002457002457,0.02702702702702703,0.685929877672376
-3.5321529306307804,3.5996235556985385,0.7718766084112101,0.056756756756756746,0.5675675675675675,0.8401512259863942
-1.4888881349264833,1.9201564632947974,0.7662724219112517,0.08132678132678132,0.6216216216216216,0.915249173102897
0.7361124797137647,1.1279067087780212,0.8273259956087409,0.11818181818181817,0.8108108108108109,1.059817704318015
-2.7414243092214345,2.8196820624794987,0.7218540667375859,0.02948402948402948,0.32432432432432434,0.7968804877198848
0.29087109533188876,0.9849949188515513,0.9199223816922779,0.13808353808353807,0.8918918918918919,1.2251527585193132
0.42829712361757005,0.7912299120206182,0.7715728340966383,0.10073710073710072,0.7567567567567568,0.9689053445979562
-1.597318297014767,1.8784194206175602,0.8194251294968504,0.09343434343434343,0.75,1.0964550361297531
-0.5385494776253752,0.998708568324685,0.8274581898028956,0.08132678132678132,0.8108108108108109,0.9140569413150562
4.163766586822111,4.191096268080364,0.7932818748513497,0.1108108108108108,0.7567567567567568,0.7974428939715696
1.2641448441681242,1.5147503050506674,0.8185173704128952,0.11302211302211301,0.8378378378378378,0.9438661327771961
0.2540884285768248,0.9172595217540447,0.7856905872011845,0.08624078624078624,0.7837837837837838,0.9614175685552558
-1.7103044615177763,1.9970826854469075,0.757486227070512,0.06142506142506142,0.4864864864864865,0.8641287084873458
0.4610226852976401,0.9375206535819292,0.8015563531264132,0.1184275184275184,0.7297297297297297,1.0226774486349879
1.8480058462582925,1.9273885503160302,0.8265834988102678,0.1402948402948403,0.9459459459459459,0.9882893360404548
-0.8634457915861306,1.449997879202986,0.8064689350692067,0.0936117936117936,0.6486486486486487,1.021129076552948
-1.0341854595211712,1.43771587935641,0.800289004397381,0.11818181818181817,0.7027027027027027,1.011907944480116
-0.12783066529405512,1.1721730096066,0.7584833315043683,0.07641277641277641,0.5675675675675675,0.867883010985074
0.4051865096143662,1.0309373415954068,0.8065001124937221,0.1108108108108108,0.7297297297297297,1.0009294261870811
-0.17700926777883014,0.8858267665628059,0.8507671127797554,0.11351351351351349,0.7837837837837838,1.0403570935991926
-1.7628782325090917,1.8258699417730475,0.7544474807279081,0.05675675675675676,0.5405405405405406,0.8439607017323416
3.0859856421028597,3.0954760125009515,0.86272646887014,0.19950859950859948,0.972972972972973,1.1882816159981024
3.040316835645186,3.164423903973303,0.8438431525963687,0.1528255528255528,0.972972972972973,0.9684237553925454
-2.328407751742414,2.328407751742414,0.715910476036104,0.022113022113022116,0.24324324324324326,0.7500945410736333
0.7856769052616442,1.0115082938630202,0.8384706202080467,0.09852579852579851,0.8378378378378378,0.9569452032779319
-0.5049939183355282,0.7648708516408007,0.7246620481989664,0.03685503685503685,0.3783783783783784,0.7905083089944196
0.6168594693115461,0.8665775887129378,0.8484396485331299,0.08869778869778869,0.8108108108108109,1.0504016923943635
0.4595037353867594,1.0910970806727476,0.8317618929272318,0.10589680589680588,0.8108108108108109,1.0506695033493993
2.766704991279887,2.902944626196937,0.8937496421984519,0.15773955773955772,0.972972972972973,1.2239908267415769
5.347496130584858,5.509880015951287,0.8734252536320621,0.1651105651105651,0.918918918918919,0.9666107480354016
-0.21863669657571547,0.7629434378957474,0.807254968486389,0.10614250614250613,0.8378378378378378,1.0184483609174781
1.5361972903003442,1.6125390895574874,0.8519019008357834,0.14545454545454542,0.9459459459459459,0.983342694467007
-1.9403424213318352,1.976649484697563,0.7837590659368476,0.06388206388206387,0.6486486486486487,0.9443783713562516
3.0976642373004477,3.1722846638494455,0.7952864920042831,0.11326781326781325,0.8648648648648649,0.8001953053872845
2.14957403860163,2.1742998615448443,0.7876944090813309,0.08132678132678132,0.5945945945945946,0.8836927512415219
-0.6281883787730704,1.016480230580464,0.7920655217439697,0.08132678132678132,0.7027027027027027,0.9267182511042668
1.070625198110412,1.5297345898020296,0.8455386822410321,0.12063882063882062,0.8648648648648649,1.008453706211114
0.422509443452622,1.3368422242547267,0.9347616065821119,0.1479115479115479,0.972972972972973,1.2727367027616159
1.4088758380788033,1.554988239910024,0.833374955881936,0.142997542997543,0.9459459459459459,1.0351745568650068
1.7633948298107087,1.920958865652869,0.8554112224297887,0.0985257985257985,0.8378378378378378,0.9670026528360058
-0.5201500234748814,1.0586935715381793,0.8039757328972037,0.10835380835380834,0.7297297297297297,1.0161005198021387
2.7056313585083633,2.7562180940872123,0.8525320942585254,0.17518427518427515,0.972972972972973,1.0073042593985826
-3.4637192496965614,3.584052364167142,0.75530699435675,0.07862407862407862,0.5675675675675675,0.8756843372783467
1.7325475595547633,1.7955417305658543,0.8759475912746563,0.13046683046683044,0.972972972972973,1.0162484976454427
4.065427773305037,4.065427773305037,0.943186529002723,0.20196560196560193,1.0,1.235486531910696
-3.9269288837375798,4.0295949521826,0.6547240250380001,0.012285012285012284,0.08108108108108109,0.6900766958250248
4.622432772092645,4.735849618578366,0.9197519472771047,0.1501228501228501,0.8648648648648649,1.0514740588274154
1.7316651376270702,2.0482719723384317,0.8211064747713874,0.10589680589680588,0.8378378378378378,0.9407475728846921
-2.48808733437061,2.54593086737639,0.7305970742605781,0.041769041769041775,0.40540540540540543,0.8338658322135455
5.374284252483256,5.502322104364386,0.8173361218006961,0.15503685503685502,0.8378378378378378,0.979037539990849
0.45854764676194487,0.8454942644507313,0.8364804306271132,0.11842751842751843,0.918918918918919,1.0545029170470366
2.955294237048181,3.01429373873775,0.8163236269619613,0.15995085995085992,0.918918918918919,1.0452835755953178
-3.2180963316864597,3.238131515293072,0.7487995031004433,0.05159705159705159,0.5405405405405406,0.8606493366363939
-4.26277892029179,4.29632902141332,0.6514348845136095,0.004914004914004914,0.05405405405405406,0.7095159842531458
-1.8502990295200832,1.9322941259312143,0.7092189879762557,0.02972972972972973,0.32432432432432434,0.8165782271931064
0.16858683302809319,0.8773470203680689,0.7580157936573477,0.05896805896805896,0.5135135135135135,0.9258338956180333
2.319667570440092,2.3288322903919974,0.7976597925743736,0.10319410319410319,0.7027027027027027,0.9341650972538057
2.544770298424736,2.796258690622934,0.8693316128530011,0.17002457002456997,0.9459459459459459,1.1059756979963802
-1.982992100032744,2.0594623538129304,0.789917140143398,0.061670761670761666,0.6486486486486487,0.8471339687062432
-0.39379733632013625,0.7943295789092235,0.8123238097807701,0.11056511056511056,0.918918918918919,1.0688835880702527
-1.1003776580217868,1.2082149229379622,0.8364079456155845,0.09115479115479114,0.7567567567567568,1.0038624468149668
3.2711337773826092,3.2711337773826092,0.9546272012125103,0.18968058968058968,1.0,1.1691267496747542
3.6685328222673,3.6710529212159706,0.8286822876500919,0.1474201474201474,0.8378378378378378,0.9407039978436452
0.12893781817058175,0.8846851431190257,0.8380920632658476,0.12063882063882062,0.8108108108108109,1.0744999091685146
-1.5889329601774673,1.7298663192932393,0.6917269959121066,0.022113022113022116,0.24324324324324326,0.7131425016828215
-2.9338538158294845,2.9338538158294845,0.7686056951366854,0.05651105651105651,0.5675675675675675,0.9240017890444381
-0.6013128847159936,1.2110841468046774,0.8268753393728032,0.11363636363636363,0.8611111111111112,1.0158254608822537
0.5381232080531237,1.1337331472550973,0.8573608789459815,0.11572481572481572,0.918918918918919,1.0436297164270105
-0.9592398054636327,1.0774895478840882,0.7677530302736564,0.06142506142506142,0.5945945945945946,0.9391257102536312
-2.641275035865567,2.694743842391099,0.7353972015608747,0.03787878787878787,0.3611111111111111,0.8900381911834374
-0.7190245592681124,0.8806012184000164,0.7656444927518153,0.06142506142506142,0.5405405405405406,0.9813060906956811
-4.2972544655392415,4.448811330257807,0.7466669127576752,0.050505050505050504,0.4444444444444444,0.8373875198629581
2.3376691438141948,2.633367098564305,0.8451187602142463,0.13316953316953314,0.8108108108108109,1.047669692270751
-0.8982848776214427,1.0040205909781907,0.8007334224337643,0.08378378378378377,0.7837837837837838,0.9237731703839229
1.7167644837343041,1.8358347255775982,0.8088610065270689,0.13538083538083537,0.8108108108108109,1.0732044281072317
-2.5902878225229466,2.5927597890955996,0.789144369710018,0.06167076167076166,0.6486486486486487,0.9074981331930335
-5.929563510731857,6.067776417516193,0.5316821073311041,0.009828009828009828,0.08108108108108109,0.4449512308543008
-0.35521401740991604,0.6832758462572871,0.7933792200858543,0.0886977886977887,0.7837837837837838,0.8927748826276711
3.1364903024774833,3.1364903024774833,0.8000774654585838,0.1501228501228501,0.7837837837837838,0.9444469771583793
2.185216382853791,2.212283042610518,0.830004284635745,0.13513513513513511,0.8648648648648649,1.040969406599984
1.0063289544833247,1.3702768538268317,0.8458592214803917,0.13046683046683047,0.8648648648648649,1.0266647625961252
2.5984187091142608,2.968922634713309,0.8289377601574249,0.14766584766584764,0.7027027027027027,1.033947154052583
1.6659954884445232,1.7547725211080822,0.8366686893152083,0.14054054054054052,0.8918918918918919,0.9994089166054849
0.061899233685346375,1.0307220707492881,0.758890997243403,0.04914004914004913,0.4864864864864865,0.8395934827957644
-0.7949936508633708,1.2152175245154946,0.9123753742782366,0.10589680589680589,0.8918918918918919,1.1343618031676805
-1.5166890377560889,1.592416180886939,0.7767196368722716,0.06412776412776412,0.5675675675675675,0.9074759094872268
-1.1563786622948766,1.3709338543044138,0.7408386100897844,0.05405405405405406,0.4594594594594595,0.8710766649100745
1.615074475118107,1.7256029010057536,0.8935462572435382,0.17493857493857493,0.9459459459459459,1.2266342828145087
1.8420466976342273,2.0239810053600022,0.843475485652699,0.13046683046683047,0.918918918918919,1.0397330420233275
3.005502227795337,3.023149271870953,0.8346326027518339,0.15798525798525798,0.918918918918919,1.0264946325350852
1.4194244267201697,1.6472101831509784,0.9394490127114471,0.17960687960687957,0.9459459459459459,1.2362531305894366
2.8625362475580927,2.8958570645054587,0.8123405517864484,0.13046683046683044,0.8108108108108109,1.020025506193977
0.12858754895884755,0.9743268492611129,0.8090536177355188,0.12309582309582308,0.8648648648648649,1.0728333658677156
-2.5600059547016056,2.761207943805372,0.7766010822693107,0.06633906633906633,0.5945945945945946,0.922458991736826
0.7128479181311764,0.9764766318672448,0.8922995384626528,0.14545454545454545,0.972972972972973,1.174297406018486
0.583840618030826,1.1273822806760456,0.8189176681685882,0.12063882063882062,0.8648648648648649,1.0198257813075255
1.823126148442147,1.8660896498549893,0.7911234725525662,0.10319410319410317,0.7837837837837838,0.9524653316327264
-2.3441058933336065,2.411955366231781,0.7746275261779949,0.08378378378378377,0.7567567567567568,0.8751339934602897
-3.394189473968118,3.394189473968118,0.7184484991685833,0.02948402948402948,0.2972972972972973,0.7902630957870707
-0.13580120469123272,0.9023217771046296,0.8315762216601812,0.13071253071253067,0.8918918918918919,1.0870401847075184
0.26524241418558625,0.9257216215895852,0.7945206529478475,0.10343980343980344,0.7567567567567568,0.978349905338504
-3.2898559739765747,3.3427805439905582,0.8334001588872404,0.07886977886977886,0.7837837837837838,0.978079326334897
-1.1049322959755408,1.8180508847516539,0.8241539071857142,0.1212121212121212,0.7777777777777778,1.1092833937382252
1.5327905937964992,1.6241306986394481,0.8100612223118256,0.12063882063882062,0.7027027027027027,1.0460679786107543
-5.9575119447123095,5.969305932577725,0.6211825882364459,0.022113022113022112,0.24324324324324326,0.5850981124457245
1.563801416781603,1.7209601326932673,0.7619586846644797,0.09336609336609336,0.6216216216216216,0.9765077826128484
-0.18391672365748596,1.0319435929963952,0.7920959626360532,0.08869778869778869,0.7027027027027027,1.0303643808833305
0.044331195489090564,0.9600954007899779,0.7747240921394491,0.06633906633906633,0.6216216216216216,0.8953417632511594
-4.6588137209761475,4.687366717850573,0.7095249711389464,0.024570024570024572,0.2702702702702703,0.6884727865864079
-0.9506636516997168,1.7906876809267889,0.7360920814353263,0.03685503685503686,0.32432432432432434,0.7848612730480896
0.1032898219842121,0.7113150536971294,0.8047546956394586,0.09582309582309581,0.7567567567567568,1.0122695596687201
-0.019023953473074243,1.0781753573016117,0.8407138074935698,0.13538083538083534,1.0,1.0959549680341434
0.2370937669979189,0.9074951893105966,0.7721622841707446,0.06633906633906633,0.5405405405405406,0.8376722097499801
1.1533596291005552,1.3220713007977336,0.827890664021658,0.10343980343980343,0.8378378378378378,1.0023341663290204
-0.4272941815407628,0.9558702972900558,0.7652404244374779,0.07125307125307125,0.6486486486486487,0.8473322823347977
3.471718066280114,3.5561803526996942,0.93711047121235,0.15257985257985257,0.9459459459459459,1.1886313093909013
-4.834195660574784,4.966644693802768,0.6435819826130309,0.00737100737100737,0.05405405405405406,0.5790827848716138
-2.494563604295037,2.525320475307944,0.7663309217693846,0.0687960687960688,0.6216216216216216,0.9218017927933486
0.8120888672630676,1.4743474038924214,0.9080202207881074,0.10098280098280098,0.8378378378378378,1.1013771348132488
1.561348101377007,1.8955176018948163,0.9314529942132047,0.1528255528255528,0.9459459459459459,1.250446753490828
-0.22877344064629215,0.838509129481262,0.78664450889964,0.08845208845208845,0.7027027027027027,0.8933948680994316
-1.586120410151063,2.0932795382289977,0.8301923245380134,0.1085995085995086,0.7837837837837838,1.0652149192545464
2.3098816728933733,2.4101772278823246,0.9466503208858783,0.20466830466830463,1.0,1.3295373430261843
0.08005396761057933,0.8714622765793031,0.8570846221491245,0.11326781326781325,0.918918918918919,1.0749071976955071
0.47253854714912763,0.9935611165010706,0.8179748820115619,0.10368550368550368,0.7837837837837838,1.02548544367527
0.4652792967558587,0.9401807811577001,0.7982821095849504,0.0914004914004914,0.7837837837837838,0.9480877389515909
1.0265943460637152,1.2150751981544348,0.8277524173654663,0.10343980343980344,0.8648648648648649,0.9445097590097976
3.124699620573331,3.1697679348756638,0.9260045396101783,0.15503685503685502,0.918918918918919,1.1207125911148559
1.7149469945121876,2.0823318563214013,0.861914678670626,0.13808353808353807,0.8918918918918919,1.07416568175858
-0.7780322586532783,1.0616355222356353,0.8061317973037173,0.08624078624078622,0.7837837837837838,1.0050832450340912
-4.196939627668797,4.196939627668797,0.6401042468559429,0.002457002457002457,0.02702702702702703,0.6992387300575914
2.297910253050066,2.6860432103085836,0.8100683507159818,0.1108108108108108,0.8108108108108109,0.9964143256280288
-2.751354102519614,3.0409345175524165,0.7756729413630846,0.0687960687960688,0.5675675675675675,0.8625126778758132
-3.9082987407473917,4.025612794132874,0.726695345828888,0.04914004914004913,0.4864864864864865,0.7863279800544389
-1.4098364328415027,1.418155678439109,0.7925573294009108,0.061670761670761666,0.6486486486486487,0.926113706475969
0.7558047782209083,1.271578341463266,0.7903103045553589,0.11351351351351349,0.7297297297297297,0.9793014029450364
-3.6203446787506106,3.8104373933607816,0.7234253630287251,0.0343980343980344,0.2702702702702703,0.856181747576218
2.408334270607415,2.4178403158504453,0.8527074092964905,0.12334152334152333,0.8108108108108109,1.0842032450121135
-3.3584313967678328,3.4142466786545427,0.8071796873566288,0.07641277641277641,0.7837837837837838,0.9793516858200604
2.598459272610243,2.8849673838221874,0.9317488708964895,0.18230958230958227,0.972972972972973,1.2325373414491905
-1.2757463166645073,1.4796428840974507,0.8170476917624797,0.08869778869778869,0.8378378378378378,0.894029234479837
-2.7442020784737298,2.9526001930931036,0.6677465060413962,0.0171990171990172,0.16216216216216217,0.684891530720841
-0.7947514653333579,1.0156792580712959,0.8600963103879768,0.12555282555282554,0.8378378378378378,1.0918025979314252
-0.39026364013738246,0.8260403641879427,0.7915020686830854,0.06412776412776412,0.6756756756756757,0.897743797252314
-1.9902990034576757,2.0392716072738226,0.7536000020074706,0.04668304668304668,0.4594594594594595,0.8942523083300942
0.7404773632034422,1.3173276982357984,0.8159771904158096,0.10343980343980343,0.8378378378378378,0.9491120625439712
0.35263978920339567,0.9979067316181554,0.8262818152106955,0.12800982800982802,0.8648648648648649,1.0712764472799443
-3.7463801893073514,3.811694128014148,0.7476615760640568,0.05555555555555555,0.4722222222222222,0.9112913827172083
0.9274396176592726,1.1034605960297272,0.8377069268720838,0.15528255528255527,0.972972972972973,1.0409462258630071
-0.70408966425769,1.1906773715363104,0.8540459932858737,0.10098280098280098,0.9459459459459459,1.0344399221682858
-1.2449874138813166,1.475395263325091,0.8275373684756103,0.09115479115479114,0.8648648648648649,1.0232300904769225
-4.439308619215248,4.491118402096461,0.6240793515876045,0.004914004914004914,0.05405405405405406,0.581473612927672
-1.22529288023047,1.378519835163089,0.7179841626057506,0.05184275184275185,0.35135135135135137,0.8101699693120958
3.6797167877620818,3.6797167877620818,0.9280351841636766,0.1651105651105651,0.9459459459459459,1.1623110958102134
-0.2955796800593006,0.9109030147290874,0.7140531139849454,0.02702702702702703,0.2972972972972973,0.7113135534777474
-2.171060311416161,2.5382947979822443,0.8074211040946163,0.07828282828282827,0.6944444444444444,0.9741924468688361
-1.3196038809273112,1.3999119822767987,0.7776022573467647,0.08378378378378377,0.6486486486486487,1.0478219710612429
-1.1939234690100906,1.2889435700798273,0.7792227411198557,0.07616707616707617,0.5945945945945946,1.026726322586649
1.1005450176312843,1.4732735905515448,0.8074457435152829,0.11818181818181817,0.8108108108108109,1.0125180517672212
1.043471952062291,1.6868012095382985,0.8414350792274792,0.12088452088452085,0.8378378378378378,1.0677087253470117
-0.08639885682323564,0.7675483567350772,0.834254609610193,0.09361179361179359,0.7297297297297297,1.0405257522753144
0.4159026842744878,0.8099245985814935,0.8075083737054922,0.11326781326781325,0.8648648648648649,1.0121686763656113
4.833675139516533,5.0077914467088425,0.8904852435026396,0.25651105651105655,0.918918918918919,1.214443130943766
-0.7306309421101417,1.0754597521534088,0.7706953477440196,0.08353808353808354,0.6756756756756757,0.9838869048202012
1.9702659464793861,2.047999307575281,0.7913136812773041,0.10319410319410317,0.7837837837837838,0.9539685091054178
-0.9446425037761104,1.1444688351482601,0.9132265405634228,0.08132678132678132,0.8648648648648649,1.076331722643077
3.4807098578684,3.6158658242656587,0.8369486507143303,0.17985257985257985,0.918918918918919,1.0894551941679547
-0.749434585108575,1.4330746942130879,0.8099580945549048,0.10073710073710072,0.7567567567567568,1.0068244830719344
1.3999368287607648,1.8451616197423146,0.8386425113340797,0.08869778869778869,0.8378378378378378,0.928257371496726
-2.3885410039164445,2.4385365046188765,0.6410089765093648,0.002457002457002457,0.02702702702702703,0.6629907717615814
-3.76738355395385,3.76738355395385,0.7162462360334035,0.02702702702702703,0.2972972972972973,0.7656704769029948
0.4306038895377535,1.1787283022687534,0.8228687847755498,0.09852579852579851,0.7837837837837838,0.9896126018466763
0.9722408155913834,1.1807111360119886,0.7726968502608252,0.09877149877149877,0.6756756756756757,0.9339518490073604
-3.2360388148595716,3.2437541786463644,0.7287783291231953,0.04668304668304668,0.3783783783783784,0.8471541615747529
-2.8919058036214604,2.8919058036214604,0.7440599268565048,0.044226044226044224,0.4864864864864865,0.868878235168209
-0.213881479400263,0.9821168201739141,0.8163968724180252,0.10343980343980344,0.8108108108108109,0.9772678735135277
1.569152623529108,1.7341770741406886,0.925619284736446,0.09852579852579851,0.8378378378378378,1.176062185565701
-0.2583377651563745,0.821383313004333,0.7950764217220527,0.08838383838383838,0.8055555555555556,1.0082691115256177
2.255457146390214,2.290626948082045,0.8962590787520291,0.17985257985257985,0.972972972972973,1.204223217527963
1.6574973582984986,1.842491606139718,0.8156647497397461,0.13562653562653562,0.8648648648648649,1.045914404782001
-3.9457817646940265,4.023815568008641,0.6267834331815134,0.02948402948402948,0.32432432432432434,0.5687118787147326
3.928600277395031,4.097840278063603,0.8592715031178185,0.1749385749385749,0.918918918918919,1.066527223006539
1.5934992614221102,1.800481055305101,0.7690285978000968,0.05405405405405404,0.5945945945945946,0.8010974528132898
3.9439108166673607,4.05236662405174,0.8685200289251269,0.14275184275184274,0.972972972972973,1.0007726312724026
0.23046316528934155,0.7719505805606438,0.8176763795832713,0.09361179361179359,0.8648648648648649,1.0057464544822126
1.4197282379123717,1.9323941630546086,0.7770760099773545,0.07125307125307123,0.5135135135135135,0.8657836040350491
-0.8421016573977552,1.2133261857520488,0.7052233940689284,0.02948402948402948,0.21621621621621623,0.7612350410500541
3.125367902998313,3.265834787666836,0.8635212679465964,0.13808353808353807,0.8648648648648649,1.0996987561290548
-2.917863208681882,2.918880608270711,0.7107488625069066,0.02702702702702703,0.2972972972972973,0.7975315669679514
0.794398851731143,1.051771517129352,0.826767783403607,0.12063882063882062,0.7567567567567568,1.0540611257142363
-1.2914624407053032,1.347049244445654,0.7968686578637866,0.08599508599508598,0.7567567567567568,0.9128639243798734
-2.208636686927122,2.29645411390396,0.791294171213532,0.0592137592137592,0.6486486486486487,0.9175625721537152
1.568952613071425,1.7186426478685821,0.8081624043406577,0.10319410319410317,0.7297297297297297,0.9832844779188709
0.29002308434550694,1.0457136677640984,0.908636692756805,0.10098280098280096,0.8648648648648649,1.1058892666003577
-1.7310304727733832,1.817312350266065,0.6967699447485831,0.031941031941031935,0.2972972972972973,0.8126220199653208
-1.4179900780150831,1.4179900780150831,0.8114714837199013,0.10368550368550368,0.8648648648648649,1.0627348167055606
-3.5058197051554325,3.712803580905328,0.7796557605765837,0.0714987714987715,0.6216216216216216,0.8347192507875274
-1.721631776193643,1.848115727469145,0.8016236435965535,0.07886977886977886,0.7567567567567568,0.88634601531399
-4.379507215043315,4.6132378636893225,0.7486197648034137,0.0606060606060606,0.5,0.8495392564302138
-2.7369228256967046,2.8032175207459242,0.677415072113595,0.03685503685503686,0.32432432432432434,0.6944376654617874
5.437139620430125,5.507249809468886,0.8358896823343095,0.1796068796068796,0.918918918918919,0.966769333279999
2.326232563658246,2.4670491923372477,0.8231466417579807,0.10098280098280096,0.918918918918919,0.9311256516148841
-2.6089278416330886,2.6089278416330886,0.7510985358408948,0.04201474201474201,0.43243243243243246,0.8485252487909521
-1.480790853741142,1.9386564405474254,0.7811313628059953,0.07886977886977888,0.5945945945945946,0.9423728995617916
0.7220089738230948,1.0553187617893631,0.8533097411980523,0.18771498771498768,0.8918918918918919,1.1533837012339225
-1.8083454933392076,1.8793945669854142,0.7534946820218424,0.05405405405405405,0.4864864864864865,0.888821196245897
-0.35484434572373397,0.9800689418105216,0.8587140692749494,0.12063882063882062,0.8918918918918919,1.1188230376301673
2.5690264593427847,2.8088403490237184,0.8415475825334188,0.1776412776412776,0.918918918918919,1.1579564756022158
-0.0651148245901014,0.9308844666149498,0.775130121228723,0.0565110565110565,0.5405405405405406,0.9712953977098048
-4.4318016876499575,4.461175528095227,0.6808130576882735,0.02948402948402948,0.2702702702702703,0.7190719000155447
0.9888537429089249,1.6652289602848542,0.7719175645205834,0.06633906633906633,0.6216216216216216,0.9602362493414576
3.3624602792787495,3.6543689010888687,0.8674346408883272,0.2169533169533169,0.8918918918918919,1.2080179993294575
-1.520419341879993,1.7676319727070249,0.7857333170618788,0.0707070707070707,0.5833333333333334,0.9058295583819311
-3.605632709313251,3.6671681269200977,0.6678241660656481,0.0343980343980344,0.32432432432432434,0.7306623521938584
-1.3401656606915584,1.460623824649705,0.8352013698038699,0.07395577395577395,0.8108108108108109,0.9380921480465205
-3.1243093924219023,3.1605689822529213,0.7195452264371639,0.02948402948402948,0.2972972972972973,0.7152508874118167
0.12497320172556772,1.004840921786919,0.805977710865547,0.07641277641277641,0.7027027027027027,0.9636910723854889
0.4962087168245306,1.1269381993177747,0.8596528593533224,0.12334152334152332,0.8108108108108109,1.0439593324437688
1.9487806817128652,2.1755128503849397,0.8192098419218483,0.12555282555282554,0.8378378378378378,1.00532686232484
3.0016573354258056,3.120781289399084,0.8887385689375069,0.18722358722358717,0.972972972972973,1.170773777794252
2.4091026879712567,2.6120641203693777,0.8343206290359729,0.09606879606879606,0.7567567567567568,0.9334208953820866
-2.9897918022134506,3.030945177467512,0.7480983006862298,0.04692874692874692,0.5135135135135135,0.763551732327552
-0.42369557290875703,0.797623280507463,0.818313120024175,0.11572481572481572,0.8648648648648649,1.0542973734841834
-1.5680087676065355,1.6487463507573317,0.748382677752605,0.06313131313131312,0.5,0.9726163610564631
5.059537185370971,5.059537185370971,0.8985280753695785,0.21670761670761668,1.0,1.0829816673395665
0.9645842786888157,1.4088558257880197,0.8146387931301506,0.09115479115479114,0.8378378378378378,0.9714244968824436
-0.2527031065255473,0.934812764128453,0.8135299486435595,0.12334152334152333,0.8378378378378378,1.0294163705778403
0.31347714264817733,1.0863592717898083,0.7940145700536875,0.10343980343980344,0.7567567567567568,0.9792258538483988
1.504501939287608,1.6382524289695097,0.8815283989851347,0.15528255528255527,0.972972972972973,1.1638091909938333
-1.58542945026239,1.6382940869015616,0.7343123321644449,0.04176904176904176,0.4594594594594595,0.8358315108827701
4.378781912161482,4.378781912161482,0.9010215890038868,0.2810810810810811,1.0,1.2605734085435254
-0.6189437148805912,0.8437134847523622,0.855189154885432,0.10098280098280096,0.8648648648648649,1.0844335942055356
-0.9077354605026628,1.5124289769142738,0.7834840697599073,0.06633906633906633,0.4594594594594595,0.9312042729185777
-1.8529334786224205,1.8758372989548118,0.8215927194420368,0.06412776412776412,0.6756756756756757,0.9366383418099099
-0.2846464496503596,1.3756756473142582,0.8370612953762623,0.14545454545454542,0.8648648648648649,1.1027258977658725
-2.4181913978423952,2.5053983043560253,0.843444936887401,0.11572481572481573,0.9459459459459459,1.0620976331085583
0.0062611020252177334,1.0936728139299599,0.8252620977896715,0.13046683046683047,0.8918918918918919,1.0383878702882612
-0.14597215881870967,0.9304486955548756,0.7116104806448158,0.03194103194103194,0.32432432432432434,0.7631790434043589
-0.2703201104936705,1.4832301604544562,0.7829239829788784,0.07616707616707616,0.5135135135135135,0.9031978495594555
0.13296267928668332,0.9895642194242248,0.8065937887669304,0.1108108108108108,0.7297297297297297,0.9807628796250409
-1.1512867508219025,1.4313645362027652,0.800534476839216,0.10859950859950858,0.7567567567567568,1.0421203667082848
0.7304577298134617,1.3364657645124347,0.773072741779412,0.08624078624078622,0.5945945945945946,0.9374735717352157
3.270221984515333,3.5413408509024022,0.8976341997205285,0.23194103194103194,0.918918918918919,1.267090106570916
-2.3021059412901863,2.3428241719544443,0.7214409739948909,0.031941031941031935,0.35135135135135137,0.7470395261251566
1.2323717191887051,1.4173377353962302,0.8246753366877623,0.12063882063882062,0.8918918918918919,0.9807016559192732
1.32079408667698,1.7429708587688124,0.9473742529204962,0.15773955773955772,0.9459459459459459,1.2814051745253017
0.976712766389203,1.3638781471774457,0.853233182877847,0.14766584766584767,0.918918918918919,1.0771230852425635
-0.42273064744040256,0.8953850122426785,0.8035805385512459,0.09606879606879605,0.7027027027027027,0.9840553760623242
5.156063558295376,5.307462732384617,0.8603679989255316,0.22186732186732186,1.0,1.0881521135756156
0.2044920679716043,1.1033271296483929,0.7665565734446755,0.0515970515970516,0.40540540540540543,0.8393048405080862
-4.230886329033072,4.4156473483115475,0.6406605066997453,0.012285012285012284,0.08108108108108109,0.6499128984857837
0.7099049677444175,1.2638613625535629,0.8603920754821711,0.1405405405405405,0.8648648648648649,1.0528745131137522
-2.15208914325091,2.2423465602030115,0.8139411955010549,0.09606879606879606,0.8378378378378378,1.0567328335888524
3.2499933437648765,3.260485850518879,0.9493025533662827,0.22899262899262895,1.0,1.3686394447257235
-3.363156872862612,3.3959133379483997,0.7584981995501034,0.04938574938574938,0.4864864864864865,0.889788729018882
5.043928365052742,5.199471104589257,0.9400911271105651,0.23660933660933658,0.9459459459459459,1.2384626585753071
3.957536921984114,3.9773095341500935,0.9549143308954358,0.27100737100737093,1.0,1.440667246915486
1.2116985994678438,1.8944852470337143,0.7541813905174055,0.0565110565110565,0.5135135135135135,0.9161333808856611
2.338475147556264,2.369651418166497,0.7936772345097283,0.10589680589680589,0.8108108108108109,0.8864765687993291
-2.468458859766873,2.519293523627425,0.7111383415083999,0.031941031941031935,0.35135135135135137,0.7209946265010575
3.217234621303793,3.277322981928991,0.8164533136359882,0.1108108108108108,0.8648648648648649,0.9011191677205267
4.97094234424,5.133008545786587,0.837887494921381,0.1673218673218673,0.972972972972973,1.0079308175317871
1.825630302136488,2.076404068063012,0.7729222670863929,0.09361179361179361,0.7027027027027027,0.9220727386172988
-0.3163037278265576,0.9617025077049004,0.7967736710285835,0.09606879606879606,0.7837837837837838,0.9981366501558019
-0.5547697966071569,1.1281248802307484,0.8146768477469345,0.09828009828009826,0.8108108108108109,0.9852785973450535
-0.9790284804676859,1.480350346624214,0.8101050981698839,0.11326781326781325,0.7837837837837838,1.0364772327981333
-1.3944583352458253,1.4824182984602785,0.7775026066269747,0.07395577395577395,0.6486486486486487,0.8409585391459128
-3.9675000890860375,4.026965482122859,0.7119947684384722,0.02948402948402948,0.32432432432432434,0.7427863282651738
0.9009664776108481,1.6437744865429464,0.8104888082758881,0.11326781326781325,0.7567567567567568,1.0252694372824498
-1.6091728114641084,1.655945303491677,0.8504435661982556,0.10606060606060604,0.8611111111111112,1.0710416839649213
-3.962697927847439,4.0814021354423495,0.7278678560822216,0.04545454545454545,0.4444444444444444,0.812562430827524
0.24138717412155508,0.9008125623763851,0.8444208165293366,0.1383292383292383,0.9459459459459459,1.052404803511639
5.287119781653668,5.396909127121583,0.9421176725788035,0.22186732186732186,0.972972972972973,1.1747816784412934
-1.1522506912304062,1.2019409211819636,0.7913789221004064,0.056756756756756746,0.6216216216216216,0.9371485591515033
0.8017412688855914,1.136535845463351,0.8123769756662493,0.10343980343980344,0.8108108108108109,1.0604782001343125
3.3146869097694114,3.4656381640831984,0.8247483218529119,0.14545454545454542,0.918918918918919,1.012295507277081
-2.26373841264254,2.320772587590767,0.7265595401801977,0.031941031941031935,0.35135135135135137,0.7439319120399294
-2.705241571685521,2.80922569875763,0.7352673334349031,0.04692874692874693,0.43243243243243246,0.838202274513066
-1.1859837731337426,1.508404532404567,0.7827024736704088,0.0791154791154791,0.6756756756756757,0.9891736383426946
-5.159437499508593,5.178769804912326,0.7099060933296598,0.022113022113022116,0.24324324324324326,0.6783607583922988
-0.7087569844824081,0.9151379090709998,0.7911954431862466,0.061670761670761666,0.6756756756756757,0.8553065035226997
-2.5118261255620036,2.5197857072600898,0.7157631180121549,0.022113022113022116,0.24324324324324326,0.7154639127436329
2.4680443552107807,2.507597074317859,0.8448200366168143,0.16486486486486485,0.9459459459459459,1.0807476591613978
0.8700108142587613,0.9859873945040728,0.8316372721818123,0.11572481572481572,0.8378378378378378,1.0284380023636828
-0.9443837823042932,1.3434355250690537,0.8235467589946404,0.11105651105651107,0.8648648648648649,1.048868450152138
-0.7507251352950053,1.1518650188774735,0.7118663571614771,0.024570024570024572,0.24324324324324326,0.7860157881667393
-7.060134511453717,7.187104594941658,0.5830652963439437,0.010101010101010102,0.1111111111111111,0.5466745191988946
-1.0101544789329129,1.5429192584959555,0.8389179420708471,0.10614250614250613,0.8378378378378378,0.9928671926655626
-2.970960603161602,3.105167719269469,0.762617728022385,0.04938574938574938,0.4864864864864865,0.8389146177777413
-0.0404041717987946,1.046604383334329,0.8093439917589176,0.0936117936117936,0.7567567567567568,1.0506833514493563
0.5238871308007997,0.9420118491653369,0.8344668064303018,0.12825552825552822,0.8648648648648649,1.0448936566292966
1.895319252158905,2.1356831721457756,0.8363322984147662,0.12334152334152333,0.8918918918918919,1.0296102981558888
-3.4023898353221442,3.416135678093692,0.6723095286544672,0.009828009828009828,0.10810810810810811,0.659607812474891
-3.1722812374985376,3.3092721417993753,0.7414633488904694,0.04938574938574938,0.4594594594594595,0.8344069889330116
-2.0562194527182758,2.2170778171978696,0.7158572759494823,0.03439803439803439,0.2972972972972973,0.8315526018323539
-1.644444382839352,1.9045128237419342,0.7826199041038823,0.09606879606879608,0.7297297297297297,0.841145005916734
-3.048132612914046,3.2492550704256598,0.773420363006985,0.06658476658476657,0.5675675675675675,0.8491798431374106
-1.4898173845703138,1.5889833452137605,0.7914016902217162,0.08624078624078622,0.6216216216216216,0.986432062824577
0.12146061755405484,0.7775746987584039,0.8312781445132075,0.1108108108108108,0.8108108108108109,0.9921301945062192
-3.3170293195007714,3.3170293195007714,0.7500166838300847,0.04692874692874692,0.5135135135135135,0.8148593280597636
-1.6423964028749163,1.7163228951273313,0.7205394582673815,0.02702702702702703,0.2972972972972973,0.8036486623819531
-6.249954381865443,6.348528115584573,0.5870864164116496,0.010101010101010102,0.05555555555555555,0.5894636908127583
-2.465857591685896,2.6221199938170905,0.7451792538520251,0.04422604422604423,0.3783783783783784,0.8996308656728994
-0.2996217021046832,1.189197981400502,0.8089273010720159,0.08869778869778869,0.8378378378378378,0.9187977063005942
-3.572067376533142,3.629658251266874,0.8029868183330882,0.06818181818181818,0.6944444444444444,0.9396114763568915
-0.8883650306225495,1.2002310667600162,0.7582580482892834,0.04176904176904177,0.4594594594594595,0.7846670576650202
1.162363424763666,1.6284396251072415,0.921346880176588,0.13783783783783782,0.9459459459459459,1.2260683268344408
-0.50483486302807,0.9002731410094359,0.7520247659330492,0.044226044226044224,0.4594594594594595,0.8664055619159933
-1.3189896775157466,1.5056162313570836,0.7706830331750573,0.06879606879606878,0.6486486486486487,0.9328290011788786
2.3825879999794526,2.4154153862652197,0.8468659115582599,0.14054054054054052,0.8378378378378378,0.9876540355896278
4.110339001194775,4.209700418734764,0.9474860089405447,0.2071253071253071,0.972972972972973,1.2118971976933715
1.174430091208098,1.4828297862976505,0.9434924902398716,0.1402948402948403,0.918918918918919,1.1920234287881546
2.6654974670635396,2.6915050469996906,0.9414692865861546,0.19238329238329238,0.9459459459459459,1.2513695733367867
-3.511591143101637,3.6585376991308656,0.7457503687373801,0.03685503685503685,0.40540540540540543,0.8438341653614347
3.3211945579275537,3.451842544251685,0.8021369797298651,0.13783783783783782,0.8108108108108109,1.0044308008996843
3.7115102070471395,3.7739722212302027,0.9377777638058541,0.16265356265356262,0.9459459459459459,1.1854379590518007
-0.17441212929563116,0.8482238213047559,0.8535537459517006,0.14545454545454542,0.8648648648648649,1.1051853946455459
-0.9560355640321808,1.1444381192034296,0.8160699747870975,0.12088452088452088,0.8378378378378378,1.0821612657608426
3.17707381234157,3.2003289645252933,0.8492954985702387,0.17985257985257985,0.9459459459459459,1.1136394190435432
1.092920016805159,1.257899892229231,0.8648192258924193,0.11105651105651104,0.8648648648648649,1.0172763857847005
-0.14861798796838166,1.3727888675562228,0.8069189348480295,0.10343980343980344,0.7567567567567568,0.8918611176461955
-2.1839869914528762,2.4921710953009786,0.8550083942986672,0.12309582309582308,0.972972972972973,1.0863498456900704
1.0350487004215188,1.587136877725479,0.8641095374069557,0.13046683046683047,0.8648648648648649,1.0812941229334905
-1.8254030716353675,1.9825021175837925,0.6753837945318628,0.009828009828009828,0.10810810810810811,0.7555030741410429
-4.367657116732525,4.437050847197684,0.6754246942375248,0.024570024570024572,0.21621621621621623,0.7153051414037661
6.250739676738614,6.287625050052558,0.8959991416941623,0.19926289926289925,1.0,0.959963634826468
-2.788916215526543,2.8285261041621363,0.6715180969947343,0.0171990171990172,0.16216216216216217,0.6912058571876546
1.7496067733949068,1.765886861086969,0.7926799592727874,0.08894348894348894,0.7027027027027027,0.8067871823592476
5.893348836354611,5.92554338247773,0.9479553346192033,0.2265356265356265,1.0,1.2042353302022843
0.8149188297237259,1.3433896869599837,0.8173414437810333,0.12063882063882062,0.8378378378378378,1.0891479034942757
-2.4364726351132773,2.537865397069197,0.7895826900873947,0.09877149877149877,0.7297297297297297,0.9838546600947577
-0.27644769151993404,0.9672548710588128,0.8122442354294802,0.07616707616707616,0.6756756756756757,1.0436798292070033
-2.598388972096559,2.897303380454645,0.7509412784938572,0.05896805896805896,0.5135135135135135,0.926946032952104
2.8332759742000557,2.944921808976938,0.8686380050825712,0.16019656019656017,0.9459459459459459,1.047398360504465
-1.7158690416684526,1.7485806607557555,0.814456139375068,0.08869778869778869,0.8108108108108109,0.9942926610334321
-0.07757131206690493,1.1855633727342074,0.9069006404819975,0.10589680589680589,0.8918918918918919,1.017085046348345
3.766599761012649,3.8561407444822033,0.8873966383522448,0.1651105651105651,0.9459459459459459,1.068111416822493
0.8464169423506516,1.3724849856118062,0.8338037081868181,0.11818181818181817,0.7567567567567568,1.0751910309371389
0.9757520717226195,1.663240214245613,0.8726115227466146,0.20712530712530708,0.8918918918918919,1.2301128462480395
-4.75681346883857,4.919667907471961,0.7218361504088947,0.0343980343980344,0.2702702702702703,0.7576161674194739
-0.10485703937088685,0.9896646131309287,0.7759450014840426,0.0737100737100737,0.6216216216216216,0.9198821769982433
-2.2859547041495745,2.57630162193376,0.7425635945713164,0.05896805896805896,0.4864864864864865,0.7842165466651997
1.293801793858605,1.3764902942687556,0.8355519954486014,0.12285012285012284,0.8648648648648649,1.0236501950390202
2.739037026029607,2.9446625252103225,0.7905504271258009,0.09115479115479114,0.7567567567567568,0.7353118675524289
-1.4505606330049743,1.563423076412178,0.8395565662418196,0.12309582309582308,0.8648648648648649,1.1047944520110853
4.914637202270784,4.994857956420109,0.8451930382320472,0.16756756756756755,0.9459459459459459,0.9765246440221781
1.61254407478526,1.9275940807855965,0.8304747785142113,0.14275184275184274,0.918918918918919,1.0885772194905035
-2.007915476263509,2.145171393008049,0.7127306426980132,0.0371007371007371,0.35135135135135137,0.8060403671368246
2.123507533383523,2.266258413723681,0.924642029534648,0.1108108108108108,0.8648648648648649,1.079263318716631
0.9530767917666225,1.0757420900443568,0.895782726508359,0.13783783783783782,0.972972972972973,1.1880212447664589
-0.7074780995356179,1.0479435077115273,0.7528481154939375,0.05405405405405406,0.4864864864864865,0.8592557943160213
-0.7371882116630865,1.8474005119633397,0.8125850017210593,0.09582309582309581,0.7837837837837838,0.9662902518103735
2.144614201719797,2.233470585747757,0.807863806862439,0.12285012285012284,0.8378378378378378,0.9835357075487563
-3.3742078212800886,3.48546505169673,0.6475229738731396,0.009828009828009828,0.10810810810810811,0.6962367412540562
-1.6266171916476098,1.9442993571689953,0.7756327377815533,0.07395577395577395,0.6756756756756757,0.8844532650070693
-0.28143233518784666,0.7579829546221073,0.8024887819831331,0.08378378378378377,0.7297297297297297,0.9478875373230355
-2.9669561513488434,3.045849047946464,0.7371747011924928,0.05651105651105651,0.5135135135135135,0.8027701971089678
-2.351643369751544,2.363251034930638,0.7898212320305529,0.06904176904176902,0.6756756756756757,0.9330254607228365
-1.2607220610551362,1.2919668447183978,0.7467081181061315,0.04422604422604422,0.4864864864864865,0.8646998987824686
3.4562557872018047,3.716536919340137,0.8272383203296783,0.13292383292383292,0.8918918918918919,1.0152324203692167
-1.6399867281818457,1.7618134579911122,0.7838668543623828,0.07862407862407861,0.6756756756756757,0.954857421917346
-0.23384846106204077,0.850795747136574,0.7748929281898467,0.07616707616707614,0.6486486486486487,0.9117450156337785
-2.0793285401153065,2.1531743540971413,0.7212415069349735,0.031941031941031935,0.2972972972972973,0.8001654227303295
-0.636892777143841,0.8407926569264569,0.8216391693184762,0.059213759213759216,0.6486486486486487,0.9074100006850053
0.06708604174729134,0.8306277458689522,0.8199341751069492,0.08108108108108107,0.7567567567567568,1.009624335040139
-1.888051469988339,1.909604886809613,0.7872526777315564,0.09343434343434343,0.7222222222222222,0.9896639125810053
-1.886077639718033,1.9031871110358722,0.7689948134666201,0.05429975429975429,0.5945945945945946,0.7771125032228804
-4.832603269443112,4.9004721958834665,0.7105222767671764,0.02702702702702703,0.2702702702702703,0.7221776739046959
2.6386902783767523,2.6409286681832036,0.7879781178033908,0.10343980343980344,0.7297297297297297,0.877972439532079
-1.5181452231103494,1.5510752501762461,0.7098588816712534,0.031941031941031935,0.2972972972972973,0.8727153967508514
0.9797975504923461,1.3420278598585473,0.9157960034915685,0.11326781326781324,0.8378378378378378,1.0664864297917858
-0.09846857733969235,1.178883511905446,0.8027030340625689,0.12063882063882062,0.8648648648648649,0.9978185466102161
-1.5648573474782725,1.7850597346537438,0.7678383605448549,0.05896805896805896,0.5945945945945946,0.8498099195478748
0.09198874111155839,0.8565827624377355,0.7845464498661111,0.09336609336609336,0.6756756756756757,0.9252957236945937
-2.2338153810011607,2.2338153810011607,0.7144587221112271,0.02457002457002457,0.2702702702702703,0.7541162808489487
1.8223010261842179,1.900870045368085,0.844576461239768,0.14766584766584767,0.9459459459459459,1.0522443951748977
5.813961581200505,5.98409889415842,0.8828533017034125,0.22874692874692873,1.0,1.1209002401817967
-2.343741699234728,2.3648579348362575,0.7924995685964585,0.06904176904176905,0.7027027027027027,0.9327564250385912
-1.2563759770764753,1.4546458343277366,0.7877814222679967,0.07886977886977886,0.7027027027027027,0.957863604533675
1.5984951427599916,1.711257262148295,0.8379219433630445,0.17518427518427518,0.9459459459459459,1.1274839252918312
0.20602135805123412,0.9276435045510509,0.8139716031210299,0.13783783783783782,0.8918918918918919,1.1011872201873398
-0.3114274776834299,1.5224978992337233,0.8001498158338062,0.1081081081081081,0.6756756756756757,0.980828172554666
4.644262985121656,4.800241309790048,0.8810795408607456,0.20196560196560193,0.972972972972973,1.1208308582321906
0.07172160530783557,1.1500281315080472,0.8077865225826752,0.11572481572481572,0.8108108108108109,1.058665409412438
-0.3874504044453403,0.6939736654162175,0.8394290172709119,0.09115479115479114,0.8108108108108109,0.9988374839605075
3.3638966744354133,3.4356214424122316,0.8628935628525256,0.11818181818181817,0.7567567567567568,1.0657439874848087
0.0235400635167191,0.8048562165848137,0.8268886246269925,0.10122850122850122,0.8918918918918919,1.027288922604618
-3.7065315439331665,3.906103480848646,0.7323384187929161,0.04176904176904177,0.40540540540540543,0.7722873304561854
4.128107624265026,4.128107624265026,0.9428916593365958,0.18722358722358717,0.972972972972973,1.1895400672605827
-0.26152249169442743,0.7806679191407564,0.8339352338699109,0.10589680589680589,0.9459459459459459,1.0227885916238542
4.128168275486503,4.218902952649751,0.8432331281803823,0.1651105651105651,0.9459459459459459,1.0278273229589268
2.0888588196026308,2.121949905842063,0.8007942128703964,0.1108108108108108,0.8108108108108109,0.9798251208166938
1.526258090544621,1.6761268113983714,0.9466495019992617,0.14299754299754297,0.972972972972973,1.159441426864003
4.2704121235279455,4.350182427226821,0.8927585066930164,0.22211302211302208,0.9459459459459459,1.1619441486534305
2.2253331523180107,2.4772652437196983,0.81794085955125,0.1452088452088452,0.8648648648648649,1.0968589553449484
1.7097015884495865,1.9073366135747916,0.8458978577518571,0.1108108108108108,0.8648648648648649,1.0232357204876097
-0.8744459992445935,1.065215399572763,0.7949925183905027,0.06904176904176902,0.6756756756756757,0.9706911851532911
1.1519032340448714,1.9227370820818983,0.8420738960731352,0.12555282555282554,0.8108108108108109,1.0936084882758683
-1.9076382558842757,1.9076382558842757,0.7666463430526463,0.05896805896805896,0.5675675675675675,0.8609467200054525
-0.4452924521814465,0.7802847062377988,0.7973264246478172,0.07149877149877149,0.7027027027027027,0.9755310354344389
-4.24810199047646,4.3970539537351465,0.6834859485714098,0.02702702702702703,0.2972972972972973,0.6860028636686188
0.9798295327544347,1.327869429454097,0.6942937027106519,0.019656019656019656,0.21621621621621623,0.6297955192869927
0.8394587273936097,1.4436665220965088,0.8398724664985284,0.1383292383292383,0.918918918918919,1.0011120415605816
0.438532063363843,1.2136939892840946,0.808974329701643,0.1329238329238329,0.8378378378378378,1.117847691122522
2.4554984756233385,2.592032176243332,0.8689197112870151,0.18968058968058965,0.918918918918919,1.1863421967683667
0.5684663216777593,1.1545099383014734,0.7919732153448703,0.10835380835380834,0.7567567567567568,1.003826625938307
-1.0699494505711553,1.235042590668368,0.8031631003752076,0.10098280098280098,0.7837837837837838,0.9837573096087769
0.4037459141061097,1.3852079725336748,0.8020972987638958,0.08378378378378376,0.7027027027027027,0.9600803774920619
-0.6123498917993133,1.6448939248000731,0.9319035955366157,0.13046683046683044,0.8648648648648649,1.2113671686707872
-1.2178922830301016,1.5332052302475339,0.7478700845721538,0.05651105651105651,0.4864864864864865,0.8499344227111318
3.273343571829038,3.291458950372827,0.9411625327760397,0.15773955773955772,0.9459459459459459,1.1391412163932435
0.25034132622715594,1.4399071977461075,0.7765799960183573,0.07886977886977886,0.5945945945945946,0.9577853408847414
-3.751376899336124,3.791991526022179,0.7461776731236903,0.05405405405405406,0.4594594594594595,0.8269357587236315
-0.6681075611230248,0.8602479357756413,0.7500246589327969,0.07125307125307125,0.5945945945945946,0.8859233239614202
-4.8942157325994415,5.121404460868527,0.6204854798722341,0.03535353535353535,0.2777777777777778,0.6471294193640537
-2.4475423296041967,2.5314752128049047,0.7406537825581765,0.04668304668304668,0.4594594594594595,0.817395118205706
-1.1229348328413742,1.5900314719648465,0.8090898071143924,0.12309582309582308,0.918918918918919,1.0585381756800343
2.0996716472544446,2.248759850825192,0.8973212459950565,0.18009828009828008,0.9459459459459459,1.1852279979608034
0.09523159771326706,0.9198202105682182,0.8372608185831238,0.06904176904176904,0.7567567567567568,1.003334508579633
-2.849428674481521,2.9366891809014377,0.6801401483316833,0.0171990171990172,0.1891891891891892,0.7911475156118256
0.31848241002443356,0.9758347331894457,0.8258552925418567,0.13316953316953314,0.8918918918918919,1.029874682365339
1.8666910213852341,2.194244826166067,0.8053613944328185,0.08845208845208845,0.6756756756756757,0.9856199528759352
-4.310643245780767,4.401510865807797,0.7336615666127555,0.02948402948402948,0.32432432432432434,0.8141420758426616
0.6765468767802632,1.2444654799286776,0.7704293718064883,0.05184275184275184,0.5135135135135135,0.7591444231307104
-5.470664536672156,5.470664536672156,0.5523103916831398,0.002457002457002457,0.02702702702702703,0.4763531641759097
-1.7944922082096668,1.8339336162225033,0.8134780335514246,0.09606879606879605,0.6756756756756757,1.0430492700042533
1.967853227871301,1.967853227871301,0.8968098892840041,0.18968058968058968,0.972972972972973,1.2355332648777284
-0.6948490522292257,1.0055279927049472,0.8057817863293699,0.07641277641277641,0.7567567567567568,0.8579574761518877
-0.030248662228428667,1.0356325468564058,0.8665012657068445,0.1108108108108108,0.8918918918918919,1.0759689797972636
0.16328432603670445,0.8439788402853707,0.75512837113558,0.06142506142506142,0.5675675675675675,0.7789268963630016
2.0697512312380137,2.1662450927766073,0.8803862691740421,0.17985257985257982,0.972972972972973,1.1702623471722073
-2.755615313318407,2.885464121335886,0.8029986422001507,0.09361179361179359,0.7567567567567568,0.9073140334976386
-0.045945461822176,1.2791353500970646,0.7785352873723458,0.07616707616707617,0.5675675675675675,0.8956095690044658
-3.936947241676957,3.936947241676957,0.6990695511661545,0.019656019656019656,0.21621621621621623,0.6923680784707786
0.5990628176494686,0.994896450663671,0.7859649217253588,0.08378378378378377,0.7837837837837838,0.8625312237407309
-1.1523582794460576,1.2538650981964776,0.7452742117171783,0.051597051597051594,0.4864864864864865,0.8166772893987507
0.8394529233184136,1.0100192226102773,0.8087846906414604,0.09336609336609336,0.6216216216216216,1.0240907586495926
4.659010003885292,4.659010003885292,0.8849303093065349,0.24127764127764134,1.0,1.1431274196502095
-0.8949719699007146,1.2486868429125577,0.7578971727517492,0.06388206388206387,0.5135135135135135,0.905644916980734
-2.0161355532495437,2.070532891976332,0.768495882399774,0.06142506142506142,0.5675675675675675,0.8731529566323533
3.017311832830603,3.0335461004934423,0.8040361441301319,0.0909090909090909,0.7837837837837838,0.8331465693213098
-0.07882161036331858,1.1212964349006458,0.8686933904952249,0.1402948402948403,0.972972972972973,1.131861182686452
0.9654594117730179,1.3708887056476653,0.8217492965970883,0.10589680589680589,0.8648648648648649,1.0263197206335142
1.8050749131107742,2.0157010449434414,0.8262467528975439,0.12825552825552822,0.918918918918919,0.9991349341803857
4.523561585698314,4.574525583090883,0.8420010424239287,0.15995085995085995,0.9459459459459459,0.9812987467773343
2.243562108331763,2.243562108331763,0.8490856849997718,0.18230958230958227,0.972972972972973,1.0831185107430907
-0.888560604320952,1.1117411011404708,0.7971498457271625,0.10343980343980343,0.8648648648648649,1.0050732976204935
-1.4167081932765304,1.65719755447825,0.7453617758846633,0.04668304668304668,0.4594594594594595,0.8194432112214824
-1.2378537088116728,1.3073974976484302,0.8357905160251063,0.13316953316953314,0.918918918918919,1.1214119789572736
-0.1846281981288992,0.6938198593632716,0.7718861088998095,0.09606879606879606,0.7027027027027027,1.0004548428419175
-0.8421210807802133,1.118811931652311,0.7827368519367978,0.08599508599508598,0.6756756756756757,0.9877091365848393
1.2628742797872992,1.441852727642409,0.786231234878813,0.06388206388206387,0.5405405405405406,0.8938006988413999
-0.7854531882334379,1.3690920552421657,0.7800304110827951,0.05405405405405406,0.4864864864864865,0.8980601092550033
3.0251937610845627,3.0412103102006656,0.9400423848197558,0.1651105651105651,0.972972972972973,1.1847088683884475
1.9324073082191457,2.086300317406396,0.8330834062658737,0.10835380835380834,0.8378378378378378,0.9721886383508462
2.961762084144289,3.101684412485672,0.865996665134148,0.16019656019656017,0.8918918918918919,1.0238394615362862
1.0333163504339675,1.5959157446861532,0.7934419806720958,0.09606879606879605,0.7567567567567568,0.8652204098159473
-1.186144476245473,1.5692461630840788,0.7246743983894423,0.05184275184275184,0.3783783783783784,0.7766034298356186
2.697603408805278,2.8639535691606754,0.7825071071135621,0.0909090909090909,0.7027027027027027,0.7874849810782788
-1.8468430946856065,1.8697203229070034,0.7906308740242656,0.07641277641277641,0.6756756756756757,0.9635874127218085
5.322031391279781,5.466165476479748,0.8908779802034935,0.21179361179361175,0.972972972972973,1.1476505993495774
-1.2534697513148536,1.3831878502613648,0.7761422869150603,0.08353808353808354,0.7027027027027027,0.9690015840769003
-3.482993821226373,3.5139071784611584,0.7484512727841308,0.05405405405405404,0.5405405405405406,0.8694012222885703
-1.4150527047564332,1.501395659376228,0.7989887536211352,0.09115479115479114,0.6486486486486487,1.0013839911092355
-1.0512541770906814,1.6530526380876516,0.9151581982095511,0.09852579852579851,0.8918918918918919,1.1049357843106173
1.0395377498417264,1.4396681319470999,0.8010859418049773,0.07395577395577395,0.7567567567567568,0.8886522710083903
2.72143675619266,2.889381379807121,0.9403388187582443,0.1948402948402948,0.972972972972973,1.2969520828456758
-3.963787887014361,3.963787887014361,0.6653514091256573,0.012285012285012286,0.13513513513513514,0.6532469869550187
-0.20656606627785626,0.9533207330156981,0.798353503892724,0.10835380835380834,0.7567567567567568,1.0235065258102403
1.2184005164692457,1.4800064574673077,0.8430149613975938,0.1257985257985258,0.8648648648648649,1.0203481705228075
5.629569565629324,5.679684434672764,0.8786872364430759,0.21449631449631448,0.972972972972973,1.0377901022893008
2.157318641059178,2.4790119315172374,0.77375177053849,0.08353808353808352,0.5945945945945946,0.8998065916188753
-1.3497696571392204,1.5137918728604636,0.7807902550186925,0.06658476658476657,0.6216216216216216,0.8472251694122573
-4.4948411132660375,4.4948411132660375,0.6314353244919642,0.0,0.0,0.6272511693690302
-0.8139025937927892,1.0960866034940393,0.7439327529783015,0.04176904176904177,0.40540540540540543,0.7506548276188173
-2.135087031549118,2.1958285481084077,0.7630740466164838,0.06142506142506142,0.6216216216216216,0.9378945948498533
-0.8679779792007156,1.0740074730219846,0.8158173799937514,0.10614250614250613,0.7837837837837838,0.9870201547933043
1.5899085459477615,1.7621673391135597,0.9282426576569296,0.11818181818181817,0.918918918918919,1.1189631120934798
3.3252150139476457,3.4467562544174584,0.8608648199873419,0.212039312039312,0.918918918918919,1.0730145706931444
-0.05526473512660152,0.9183530276754049,0.7986001271825532,0.08353808353808352,0.7567567567567568,0.918029906155238
1.6963851973722435,2.0490303284464555,0.8325286145427221,0.12309582309582308,0.8918918918918919,1.0260179670220282
-0.09011573769310842,1.116264390625706,0.9294094386210482,0.12309582309582308,0.918918918918919,1.2108573726458822
-5.209462842558825,5.231843279582119,0.630029346252178,0.012626262626262626,0.1111111111111111,0.6696906165900738
-1.266711547642949,1.3193352858083247,0.6882153101795894,0.02948402948402948,0.2702702702702703,0.7008172183047748
-2.0767139720247565,2.1986795145707587,0.8159577682684069,0.11351351351351349,0.8648648648648649,1.0228241534048017
0.3155483647257266,1.2197323303073495,0.7760613106008433,0.07371007371007372,0.5135135135135135,0.8723744119515394
2.615330982245878,2.909064435743666,0.8261378257379707,0.15749385749385747,0.9459459459459459,1.124558083154778
-0.957625456050467,1.3033939532091354,0.9375482349558579,0.1307125307125307,0.9459459459459459,1.1915520977096932
5.023617168745704,5.023617168745704,0.9514711365999449,0.22407862407862403,1.0,1.161237783925572
0.5740229072745295,1.0016656550733596,0.8789919017921158,0.1108108108108108,0.8918918918918919,1.0897216367063511
-0.6018659647390433,0.926395193381514,0.7751751056859714,0.07125307125307123,0.6216216216216216,0.9591568278239527
-2.3693020989469913,2.404944648181641,0.8027783293084408,0.08378378378378377,0.7027027027027027,1.0033456446888505
-0.24453423005914032,0.9397717334793849,0.7437367867860047,0.05405405405405405,0.4594594594594595,0.7913841287901169
-2.73823057336255,2.73823057336255,0.7923889496526887,0.0764127764127764,0.6756756756756757,0.9438994044032222
-2.1686628018642304,2.262853726643137,0.7610298120847946,0.056756756756756746,0.5405405405405406,0.821937959219964
-3.610472587098485,3.7071472055945316,0.7820698940285021,0.07641277641277641,0.7027027027027027,0.9297061241895381
-2.6880462762026087,2.8306719073001156,0.7609079111123966,0.0687960687960688,0.5675675675675675,0.9214669441986347
0.411978653556281,1.0185094838787496,0.7748254918708459,0.08378378378378377,0.6486486486486487,0.9639917543503362
1.7057526624516661,1.829239172595655,0.8721906979865,0.17739557739557738,0.972972972972973,1.2020923026188142
2.9326827060507794,3.26743088796077,0.9245392108365775,0.128009828009828,0.918918918918919,1.1217549535864815
-2.592715784572122,2.7120083208778425,0.7465956414109602,0.04176904176904176,0.40540540540540543,0.8914469933935392
3.3928407962399914,3.5219000689165387,0.8536305650884384,0.20221130221130218,0.8918918918918919,1.124373071617731
-1.907009623238881,1.907009623238881,0.7236247472511881,0.03439803439803439,0.35135135135135137,0.7874419359218984
1.991513623832888,2.053775517653026,0.8814312106173398,0.1899262899262899,0.972972972972973,1.258739726290543
-1.0157705882339378,1.3914229403046858,0.7888225365152056,0.08378378378378377,0.7027027027027027,0.9356797096902066
0.22074871737636545,1.107610345699431,0.9282737167367311,0.10835380835380834,0.8378378378378378,1.2152737855568962
-0.5020231495961719,1.2116239710834895,0.8124190106179994,0.12626262626262624,0.8333333333333334,1.038711772255909
-3.497519571924907,3.6171067088219764,0.773420363006985,0.061670761670761666,0.5675675675675675,0.8069699874979117
-4.476560935206737,4.476560935206737,0.6112370507405109,0.004914004914004914,0.05405405405405406,0.5970176285868
-0.6622329699776759,0.9269721730576319,0.8257171403453778,0.07886977886977886,0.7567567567567568,0.9656407937723415
1.9993010820971877,2.2007218078384985,0.8078442609893655,0.09336609336609336,0.8378378378378378,0.9308385494673959
-1.3874906671370497,1.4279558099005742,0.7741952145069769,0.07641277641277641,0.5945945945945946,0.9278669401168324
3.1321619827362768,3.289217967330255,0.88042582705816,0.15773955773955772,0.9459459459459459,1.095735809141505
-0.6669475046473163,1.1741514443093428,0.7591249581328375,0.0592137592137592,0.5675675675675675,0.8531738417460681
-0.5446720117669813,0.9252255324161693,0.7570958782898777,0.056756756756756746,0.5675675675675675,0.7996186692827306
-1.700953871735308,1.81695476136331,0.8391545530269189,0.08624078624078622,0.8108108108108109,0.9878963405247345
1.8162611277685299,1.9605229851612969,0.9448437994010108,0.19975429975429973,0.972972972972973,1.2159762906740403
1.1020917244912216,1.490789602414076,0.9227624155350722,0.14275184275184274,0.918918918918919,1.145676030792587
5.255971796874806,5.255971796874806,0.9495386284926118,0.2538083538083538,1.0,1.2372495984985923
2.436423257409295,2.6028323293586375,0.8206699150642786,0.1307125307125307,0.8108108108108109,0.9173607383453038
0.6087277494292888,0.9031904881651801,0.8080879569439952,0.08108108108108109,0.6486486486486487,1.0138421017802304
-0.8071896383566395,0.9759438635037723,0.806810511350112,0.11326781326781325,0.8378378378378378,0.9861744265846021
1.7162746609747508,1.78679754515871,0.8292139552669667,0.13292383292383292,0.9459459459459459,0.9903904601148671
-1.0975464862229978,1.4339011790016993,0.8464545241839716,0.10589680589680588,0.8378378378378378,1.0674105492734152
0.7498250620463816,0.8997825078614389,0.7984253236637383,0.08624078624078622,0.6216216216216216,0.9130331206674821
-0.8263431348766429,1.478499858531036,0.8522384685268443,0.1479115479115479,0.8648648648648649,1.1296533318760196
1.0342437343714563,1.2462960650451713,0.8213636722899077,0.0936117936117936,0.8648648648648649,0.9757043541520329
2.2001913020125015,2.204030256578716,0.9391798431369172,0.16265356265356265,0.972972972972973,1.1871845124389577
1.5742918594692576,1.5900602315624277,0.8075523292720096,0.1253071253071253,0.8108108108108109,1.0519495820147016
-1.2860149968007222,1.6110995403857182,0.8035410546371595,0.09336609336609336,0.7297297297297297,1.0257754969212658
-1.1870751923476228,1.2975818790995,0.7205962184179481,0.024570024570024572,0.24324324324324326,0.8401190015556299
1.5492183560249688,1.8992032434938202,0.8893402995744221,0.16265356265356265,0.8918918918918919,1.1780049155963215
-2.206404906193156,2.7612004280615436,0.7573004250275467,0.07862407862407862,0.5405405405405406,0.8658840162670618
1.1518505428605301,1.380268517836713,0.8081355613365865,0.1108108108108108,0.8918918918918919,0.9458407073305128
2.7865877450556065,2.8664295312834946,0.9335410644589975,0.15528255528255527,0.972972972972973,1.150513962334256
1.1319638066458766,1.45844019082397,0.9459270928251319,0.18746928746928745,0.972972972972973,1.2912534323834088
1.2770364740055675,1.381594463949389,0.8757634484162651,0.16265356265356265,0.972972972972973,1.0547510264317759
2.3975935575467378,2.6997440199611122,0.857539868979176,0.17493857493857493,0.8378378378378378,1.1988034981159343
0.17476351869340198,0.8428110211176233,0.8157622737323902,0.10835380835380834,0.7567567567567568,0.9833472944333737
-5.297430469596398,5.347791206028564,0.5535569075799227,0.004914004914004914,0.05405405405405406,0.49600564266570124
-0.9636585868404297,1.1837351500383664,0.6902737804236426,0.03194103194103194,0.2972972972972973,0.6696109045476127
0.8175031117190121,1.1456563934975386,0.8157090130503216,0.12800982800982802,0.8378378378378378,1.0506014003533248
-2.9586208179632822,3.036866456821323,0.724416759241427,0.032828282828282825,0.3055555555555556,0.8103779535060095
-3.0117363587830086,3.0476794645213414,0.6513173750665028,0.012285012285012284,0.13513513513513514,0.6978388464486363
-1.7267124724463652,1.9597178589653113,0.7214184819702025,0.0343980343980344,0.32432432432432434,0.7695192084351207
-0.9203323497138809,1.2319602025037468,0.7690833268349435,0.06633906633906635,0.5675675675675675,0.8229520526736377
-1.9595989532572629,1.9797420694718078,0.7483298076469769,0.04176904176904176,0.4594594594594595,0.8349411143602604
-3.6488620705600865,3.838124493839966,0.7014856730707582,0.031941031941031935,0.2702702702702703,0.7736696796916691
0.15442664477301635,0.8672380266606091,0.7963094334927037,0.0764127764127764,0.6486486486486487,0.9125209550474201
2.9658519445657694,2.966937637313481,0.8486607330226801,0.1921375921375921,0.972972972972973,1.1427332746940237
-0.8622071529011008,1.1076086502899365,0.7545646704099096,0.05159705159705159,0.5135135135135135,0.9405136318395427
-0.053165306411230615,1.0851392823584216,0.8561447927850256,0.15307125307125305,0.918918918918919,1.0832554092309832
-1.3825143794632027,1.4091791965478642,0.787274266551373,0.08624078624078621,0.6486486486486487,0.8978261148602774
2.6013944917420857,2.668565934356805,0.8356027834849831,0.14545454545454542,0.972972972972973,1.002170976560396
-1.0570629753829495,1.297529133150027,0.7810800200194379,0.07149877149877149,0.6756756756756757,1.0181923615226363
1.041557340046957,1.4263420064314576,0.9240324291203206,0.10589680589680588,0.9459459459459459,1.0724855005153568
2.144949495457552,2.212580738571339,0.9278792954987494,0.16019656019656017,0.918918918918919,1.187645283756904
2.1854995412613403,2.255782903650181,0.84321856291918,0.1555282555282555,0.972972972972973,1.0496698392976085
7.380400546472111,7.404206476706614,0.9124120395985373,0.24127764127764129,0.972972972972973,1.0693430172007892
-3.549437551348137,3.715313521516163,0.7660103159739364,0.06633906633906635,0.6216216216216216,0.7939189881939334
1.556693550170305,2.1365324791980354,0.934085328518551,0.15257985257985257,0.8918918918918919,1.2026931738877187
-4.6029200443919045,4.83581371891173,0.5926893824020848,0.017199017199017202,0.10810810810810811,0.49870369532327014
-4.350123190031196,4.40504765323461,0.6774181227360495,0.031941031941031935,0.2972972972972973,0.726573755953617
-3.7707298596307584,3.7707298596307584,0.6295715341753862,0.002457002457002457,0.02702702702702703,0.617554420087391
4.086341953823675,4.341020239514826,0.8743717791979737,0.15036855036855035,0.8918918918918919,1.0836249763393866
-1.5008000879836925,1.7566511908145392,0.9166125007737946,0.10343980343980344,0.8918918918918919,1.0898835809514644
-2.972193188210522,2.972193188210522,0.7370430470985172,0.04914004914004914,0.4864864864864865,0.8562208912685957
0.024257974905017517,0.8646441023166689,0.8499544811826343,0.09361179361179359,0.7837837837837838,0.9951284744050657
1.1315690419977054,1.7932866738477578,0.9138456255652219,0.09852579852579851,0.8648648648648649,1.123920442859146
-0.6079163893779174,1.0321631141627536,0.7821378578881412,0.10098280098280096,0.7837837837837838,1.0083111638636633
6.061560157106888,6.061560157106888,0.8956450835395696,0.24619164619164624,1.0,1.0554009211039534
-1.0906251186933953,2.1713060758781073,0.9392972553322678,0.17002457002457,0.972972972972973,1.2997787203569786
-0.4682040513767882,1.1934047955988003,0.8073146685700086,0.10122850122850122,0.7567567567567568,0.9696018372171974
3.2089879269831516,3.2089879269831516,0.9172673413849897,0.18746928746928745,0.972972972972973,1.193678390702325
-0.2890463415683081,0.8517757523804378,0.8640314354039015,0.13808353808353807,0.972972972972973,1.115369005226872
0.03400378530662759,0.8247553579283731,0.7410811339203764,0.05405405405405406,0.4864864864864865,0.839499256824599
1.9384580116550711,2.249111879654819,0.8877716195036737,0.16265356265356265,0.972972972972973,1.1809395984820448
0.3647026307429374,0.8696219854097894,0.865424299817456,0.13316953316953314,0.8918918918918919,1.043302496617658
0.16195382958286786,1.0556610847720624,0.8506756545037901,0.09606879606879606,0.8918918918918919,0.9500599468796052
-3.0483560980385804,3.0997078254617363,0.7459464220950061,0.05184275184275184,0.5405405405405406,0.8042625420922025
1.2069225132953085,1.4723379528990963,0.7842015121155452,0.09361179361179359,0.7027027027027027,0.9552827878197534
0.6621441201304126,1.5860261404839329,0.8252714520016491,0.09361179361179359,0.7297297297297297,0.9587166679738897
-0.7544716848912282,1.4482293112125881,0.8104221734078164,0.08599508599508598,0.7027027027027027,0.9936624451090903
1.139567683256221,1.8018347140624675,0.8297222460891095,0.14299754299754297,0.8108108108108109,1.025996322805572
-1.3845824911845548,1.527401308781789,0.840096860034137,0.12579852579852577,0.8648648648648649,1.1254054244215372
-4.555958582608596,4.638371939843382,0.6546124979370713,0.00737100737100737,0.05405405405405406,0.6635920734867609
1.055251405844975,1.2549745120410487,0.9312738477805859,0.14275184275184272,0.918918918918919,1.1903288630779498
1.3901755543908407,1.7047046149500855,0.7771099612779506,0.07125307125307123,0.5945945945945946,0.920946438235583
0.7197733181836341,1.0193921528991485,0.8132772063763715,0.11597051597051597,0.8108108108108109,1.0501550160916802
3.9893765048787317,3.9893765048787317,0.8539971627184281,0.19975429975429973,0.972972972972973,1.0739559212811085
-1.2474850940488071,1.5385609069847377,0.8384508619115257,0.08648648648648648,0.7837837837837838,0.9962701130646479
0.3092647844870709,1.153637249917274,0.8225672046923547,0.14299754299754297,0.8918918918918919,1.0226361420752235
0.8573066917481589,1.1752584426159607,0.8253306456269743,0.128009828009828,0.918918918918919,1.1004420588775816
-4.128861585279416,4.21656419082619,0.7568577708179793,0.05651105651105651,0.4864864864864865,0.9225112365496488
7.038936336428407,7.038936336428407,0.9342101627064947,0.21916461916461913,0.9459459459459459,1.0648239178136238
3.1664431072165935,3.220281948245501,0.8774511172730247,0.18206388206388205,0.972972972972973,1.116779847263214
1.315670788741894,1.4388890367501972,0.8115042048077299,0.09582309582309581,0.8108108108108109,1.0056875917815642
1.4633537505314584,1.7192568256902359,0.8197939582870689,0.10589680589680588,0.7567567567567568,1.041527938623716
-1.6843643782963258,1.901698854039146,0.6928629862029098,0.034643734643734644,0.3783783783783784,0.6805385223781903
4.013230199319421,4.175285450601268,0.8406002758430985,0.2142506142506142,0.8648648648648649,1.1223512249395646
2.266321680335179,2.2694115491424385,0.8374922274200595,0.15503685503685505,0.8918918918918919,1.039625377382506
0.406140294984357,0.9430624879833437,0.8514925215927626,0.14054054054054052,0.8378378378378378,1.1283491956081855
-5.4975979480517765,5.5325155606053205,0.6011163303888369,0.004914004914004914,0.05405405405405406,0.5847392502322055
-0.5779382847832746,1.022050194247516,0.749995601315366,0.05651105651105651,0.5405405405405406,0.8184765612091468
-0.601108876894847,0.91418590324976,0.7337907788993249,0.04668304668304668,0.40540540540540543,0.8031964057375406
-0.3443540180854504,1.305693142132595,0.8102223527106354,0.11818181818181817,0.8918918918918919,0.9919038417909689
1.6843780583929793,1.8265057143946644,0.7804671245856261,0.08378378378378377,0.7837837837837838,0.8612303379081613
-2.8593255075460147,3.430027886979581,0.7231655636693161,0.06412776412776414,0.43243243243243246,0.8154078672049723
4.034132427608999,4.200910729602135,0.8696621812934253,0.185012285012285,0.8918918918918919,1.0665361621163172
2.4751039285515852,2.5212406298184256,0.8178756499214568,0.12334152334152332,0.8918918918918919,0.9103995139930503
-0.4053106457596773,0.8045443593312259,0.7981218451693687,0.06412776412776411,0.7027027027027027,0.8844075032739522
-4.1414301897664085,4.1414301897664085,0.647385281625746,0.009828009828009828,0.10810810810810811,0.6550995934968764
-1.0779931002775955,1.486289196721674,0.7597343668313362,0.08353808353808352,0.5945945945945946,0.9684252838159242
0.7330743092095294,0.9093044000488117,0.8172096511332528,0.12334152334152332,0.8918918918918919,0.9637488369968782
-2.1547713545118157,2.1547713545118157,0.756316315724431,0.06879606879606878,0.5945945945945946,0.9193039313314703
-1.8729897758211262,1.9664291390957804,0.8253257785468704,0.11388888888888887,0.8055555555555556,1.0811319696168549
0.1772264595107504,0.8290610727682118,0.8690214928136447,0.17518427518427518,0.8648648648648649,1.167547071248172
3.658331877233019,3.6990010343307476,0.8736634573701809,0.2343980343980344,0.972972972972973,1.190764636755276
-3.7921344177757303,3.8523272590400004,0.7285306985583792,0.031941031941031935,0.35135135135135137,0.6806292575547646
6.106268667641662,6.239650669365265,0.8832922486775334,0.24152334152334154,0.918918918918919,1.0871359675247767
-0.7803779011629781,0.913206617001582,0.8248538170966928,0.08624078624078622,0.7027027027027027,0.9364510330206169
2.5447022004258995,2.5862497359020056,0.8727313708712185,0.18009828009828005,0.9459459459459459,1.0865700977819994
-4.390286861778326,4.4396924178778505,0.7974335329585888,0.08624078624078622,0.7297297297297297,0.9972853328376009
1.8714550641333474,1.9187618893312481,0.8211400063806736,0.11326781326781325,0.8378378378378378,0.9592802987306689
-2.8514798756735518,2.910612617965704,0.7854165755785618,0.0737100737100737,0.6486486486486487,0.9587752868094033
0.8803430223381349,1.3206169945192636,0.8449641308091819,0.10098280098280096,0.8648648648648649,1.0476251188320944
1.0141923363223178,1.36603191331543,0.8474589891061484,0.11572481572481572,0.8648648648648649,1.0777027117932563
2.388573105653434,2.409614182306262,0.8138025925088358,0.1402948402948403,0.8378378378378378,1.0863453210921519
-1.1705411255572995,1.3460254421245181,0.7724139478043867,0.07616707616707616,0.5945945945945946,0.9130994901316146
1.1825951557815735,1.4113462732553486,0.871872974986699,0.17248157248157245,1.0,1.1769125218239844
3.7275397716266716,3.7831816624586296,0.8833417385453135,0.16019656019656017,0.972972972972973,1.060156542946798
-1.698000025823173,1.698000025823173,0.7753486457216979,0.059213759213759216,0.6216216216216216,0.7415796157720884
0.2547852535699687,0.8526082845127038,0.8916218487435768,0.16019656019656017,0.972972972972973,1.1707374386182372
0.9072036088076512,1.0501202880306693,0.7903249156005722,0.09606879606879606,0.7837837837837838,0.8933920345345487
2.4598763228615805,2.6510555781354523,0.8219495029988056,0.1108108108108108,0.7837837837837838,0.9778668986127041
-0.5376379937205016,1.0143641861161208,0.7310348922107395,0.03439803439803439,0.3783783783783784,0.7795040056008593
-0.8130140269090586,1.2309601776280403,0.867660676508118,0.11818181818181817,0.8918918918918919,1.09774379171891
-2.178036328202874,2.3822450210248816,0.7171807593860947,0.036855036855036855,0.2972972972972973,0.7918557990498076
4.340722543234952,4.37024550344798,0.898905596036246,0.21916461916461918,1.0,1.1903427850600388
-1.128420758686478,1.4193590901489948,0.7961624212475558,0.11105651105651107,0.7027027027027027,0.996175275320781
-1.9593901577744146,2.0514723121858913,0.7485170708650775,0.03685503685503685,0.3783783783783784,0.8420923726933544
-2.8598603749014626,2.9239974009998435,0.8391706556409769,0.12334152334152332,0.918918918918919,1.0687528240614845
1.40314436236818,1.555052241569935,0.8171615208434646,0.14275184275184274,0.8918918918918919,1.0525805624879245
1.251944031292145,1.5963946983582396,0.7974661911622346,0.10859950859950858,0.7297297297297297,0.9552644616633741
0.9220467712144484,1.1793437772850226,0.8435505916589409,0.16265356265356262,0.972972972972973,1.1213907445680071
-1.4822438881332154,1.7795403573924762,0.7744048194040968,0.06167076167076166,0.6216216216216216,0.8600711284246703
-2.0147493326991652,2.0350635908348518,0.7688162806271143,0.06388206388206387,0.5945945945945946,0.8618389997950906
1.0553593253096063,1.149706280386846,0.7992068333148884,0.11818181818181817,0.7837837837837838,0.9877323415913372
-2.0724883711109876,2.268487870645386,0.7826999200729041,0.08353808353808354,0.7027027027027027,0.8920137673792159
-3.652744659302081,3.7321173934847485,0.7618836994654055,0.051597051597051594,0.5135135135135135,0.8792619192573773
6.020423682461651,6.1021677781343175,0.8758405177073787,0.22678132678132673,1.0,1.0062642499850036
1.4182038512047983,1.634791552942759,0.9253542014749404,0.1307125307125307,0.918918918918919,1.098851507208891
-0.2534312563001828,1.1726864954605114,0.8127445243655664,0.11105651105651104,0.7567567567567568,1.0360060361977865
-3.006415572164702,3.006415572164702,0.7120933919890489,0.031941031941031935,0.2702702702702703,0.7749994349806413
-1.6982646184205874,1.752166969105547,0.7231152911211448,0.03685503685503685,0.40540540540540543,0.7390436743366566
1.3716262326927517,1.4784362486332017,0.8210652312856913,0.15036855036855037,0.8918918918918919,1.0079814442001815
-3.0721157029135937,3.0831977252341205,0.6355667348562839,0.002457002457002457,0.02702702702702703,0.5989626884117315
-0.6434696658354188,1.0239916217655567,0.8072216544924155,0.10810810810810809,0.8378378378378378,0.9699231985227954
0.5884448360340555,1.4556652773455911,0.8377881622491791,0.13046683046683047,0.8918918918918919,1.0890381504614774
-2.3472524238504673,2.4017508016265077,0.8496734454395054,0.10858585858585858,0.8333333333333334,1.159046602711938
-1.3834331706933443,1.5235915699754345,0.7777968720996925,0.08108108108108109,0.5405405405405406,0.9609238816557688
0.38167643511152216,0.7266313396086213,0.7756944484386284,0.07125307125307123,0.6486486486486487,0.9550286496401984
-0.3340893093665079,1.025131360516469,0.8484753432486628,0.09361179361179359,0.8108108108108109,0.9597470713207551
3.92007738450702,3.99228626314447,0.8511308101398285,0.14275184275184274,0.8918918918918919,0.9937071894030565
-1.5264085577303532,2.3016861761693534,0.7701609792138651,0.08108108108108107,0.5675675675675675,0.9321344286196654
2.262377180415809,2.411074450000535,0.8663795021876687,0.17493857493857493,0.8918918918918919,1.1093878851210464
-0.5834620577284895,1.1162381255084464,0.8236623275491516,0.07395577395577395,0.6756756756756757,0.9309414023101535
-2.5442424362997147,2.9286222441476237,0.7877157036694811,0.101010101010101,0.7222222222222222,0.9978986139935611
-1.3377926115659,1.5182483190390637,0.7798691616149654,0.08599508599508598,0.6216216216216216,0.9839500194028611
2.4627373169802818,2.549077971492434,0.9454708801208285,0.18255528255528253,0.9459459459459459,1.2466010200348079
-2.043022874959665,2.1105729050432456,0.7806308114657401,0.07616707616707614,0.6756756756756757,0.9354364137272989
0.5900466161421936,1.0200110238091291,0.8204869728990755,0.1356265356265356,0.8378378378378378,1.037214629969111
0.34463441311725146,1.1073072858408297,0.8372338412118796,0.13046683046683044,0.9459459459459459,1.087400084268622
-1.8189152439649283,1.9159169518792534,0.73753892728209,0.04176904176904177,0.43243243243243246,0.7635636752864097
0.13091175206346045,1.3195931318884637,0.929206533305384,0.13046683046683044,0.9459459459459459,1.1285269261017334
2.1387161849783993,2.2982087998469996,0.8505418097270168,0.128009828009828,0.8378378378378378,1.122110625561516
0.08362641998695049,0.765707717450422,0.7608443799632654,0.06388206388206387,0.5405405405405406,0.8570141838388344
0.8111407563956415,0.9825782612830997,0.7656924823109346,0.08108108108108107,0.6756756756756757,0.9529005270889026
-1.08346686854881,1.2753456484455328,0.810890569064345,0.10098280098280096,0.8108108108108109,0.9910937427871168
